review_priority,rule_uid,rule_id,title,dimension,risk_level,trigger_layer,semantic_enabled,semantic_role,current_route,old_routing_route,recommended_route,route_changed,trigger_clarity,legal_interpretation_level,fact_verification_level,risk_severity,operator_fixability,calibration_status,conflict_flags,recommendation_reasons,source_file
high,RUID-d75f8ff6a418a789,COSM-AD-001,广告引证内容应真实准确并表明出处,数据引用不规范,中,fact,True,fallback,operator_supply_docs,operator_direct,operator_supply_docs,False,contextual,medium,light,medium,guided_fixable,provisional,legal_attention/routing不一致；fact规则仍开启普通语义召回,legal_attention.default_route 与旧 routing.default_route 不一致。,D:\G-Vibe coding\广告合规审查智能体\知识图谱\jsonbase\美妆\20260705_中华人民共和国广告法（2021修正）_2021.04.29生效_20260615下载_规则拆解_v1.json
high,RUID-06ec2b429e927cba,COSM-DATA-001,广告中使用数据引证内容需提供证明材料,数据引用不规范,中,fact,True,fallback,operator_supply_docs,operator_supply_docs,operator_supply_docs,False,contextual,medium,heavy,medium,guided_fixable,provisional,fact规则仍开启普通语义召回,未发现明显字段冲突；可低优先级抽检。,D:\G-Vibe coding\广告合规审查智能体\知识图谱\jsonbase\美妆\20260706_小红书聚光帮助中心-文档_规则拆解_v1.json
high,RUID-8df0336ce7aaf59c,COSM-LABEL-001,化妆品经营者应披露与注册或备案资料一致的标签信息,标签标识不规范,中,fact,True,fallback,operator_supply_docs,operator_supply_docs,operator_supply_docs,False,contextual,medium,heavy,medium,not_self_fixable,provisional,fact规则仍开启普通语义召回,未发现明显字段冲突；可低优先级抽检。,D:\G-Vibe coding\广告合规审查智能体\知识图谱\jsonbase\美妆\20260705_化妆品生产经营监督管理办法_2022.01.01生效_20260615下载_规则拆解_v1.json
high,RUID-491c9616141a70d9,COSM-OTHER-001,销售者不得伪造或者冒用认证标志等质量标志,其他,高,fact,True,fallback,legal_review_required,operator_supply_docs,legal_review_required,False,contextual,medium,heavy,high,not_self_fixable,provisional,legal_attention/routing不一致；fact规则仍开启普通语义召回,legal_attention.default_route 与旧 routing.default_route 不一致。,D:\G-Vibe coding\广告合规审查智能体\知识图谱\jsonbase\美妆\20260705_中华人民共和国产品质量法（2018修正）_2018.12.29生效_20260615下载_规则拆解_v1.json
high,RUID-074787e4ab4196cf,COSM-PLATFORM-001,特殊化妆品须经注册、普通化妆品须经备案后方可上市销售或进口,平台准入/资质不符,高,fact,True,fallback,operator_supply_docs,operator_direct,operator_supply_docs,False,clear,low,heavy,high,not_self_fixable,provisional,legal_attention/routing不一致；fact规则仍开启普通语义召回,legal_attention.default_route 与旧 routing.default_route 不一致。,D:\G-Vibe coding\广告合规审查智能体\知识图谱\jsonbase\美妆\20260705_化妆品监督管理条例_2021.01.01生效_20260615下载_规则拆解_v1.json
high,RUID-6df547a796e6aaa8,GAME-AD-001,网络游戏运营须经依法审批,版号缺失,高,fact,True,fallback,operator_supply_docs,operator_supply_docs,operator_supply_docs,False,contextual,medium,heavy,high,not_self_fixable,provisional,fact规则仍开启普通语义召回,未发现明显字段冲突；可低优先级抽检。,D:\G-Vibe coding\广告合规审查智能体\知识图谱\jsonbase\游戏\20260705_中华人民共和国未成年人保护法（2024修正）_2024.04.26生效_20260615下载_规则拆解_v1.json
high,RUID-01d5d70f1845dca4,GAME-DATA-001,广告引证内容应真实准确并表明出处,数据引用不规范,中,fact,True,fallback,operator_direct,operator_direct,operator_direct,False,clear,low,none,low,direct_fixable,provisional,fact规则仍开启普通语义召回,未发现明显字段冲突；可低优先级抽检。,D:\G-Vibe coding\广告合规审查智能体\知识图谱\jsonbase\游戏\20260705_中华人民共和国广告法（2021修正）_2021.04.29生效_20260615下载_规则拆解_v1.json
high,RUID-c8991e3c90633f41,GAME-DATA-001,事实性描述需提供证明材料,数据引用不规范,中,fact,True,fallback,operator_supply_docs,operator_supply_docs,operator_supply_docs,False,clear,low,heavy,medium,guided_fixable,provisional,fact规则仍开启普通语义召回,未发现明显字段冲突；可低优先级抽检。,D:\G-Vibe coding\广告合规审查智能体\知识图谱\jsonbase\游戏\20260706_小红书聚光帮助中心-文档_规则拆解_v1.json
high,RUID-bf6d6474f6a35028,GAME-DATA-001,广告中使用数据引证内容需提供证明材料,数据引用不规范,中,fact,True,fallback,operator_supply_docs,operator_supply_docs,operator_supply_docs,False,contextual,medium,heavy,medium,guided_fixable,provisional,fact规则仍开启普通语义召回,未发现明显字段冲突；可低优先级抽检。,D:\G-Vibe coding\广告合规审查智能体\知识图谱\jsonbase\游戏\20260706_小红书聚光帮助中心-文档_规则拆解_v1.json
high,RUID-a60ec2c81f57c041,GAME-IP-001,动漫影视剪辑二创类广告不得使用未授权人物形象及原作内容,IP侵权,高,fact,True,fallback,legal_review_required,operator_direct,legal_review_required,False,contextual,medium,heavy,high,not_self_fixable,provisional,legal_attention/routing不一致；fact规则仍开启普通语义召回,legal_attention.default_route 与旧 routing.default_route 不一致。,D:\G-Vibe coding\广告合规审查智能体\知识图谱\jsonbase\游戏\20260706_B站广告推广平台审核规范_规则拆解_v1.json
high,RUID-495934a5b91e69ef,GAME-IP-001,游戏素材使用第三方游戏元素需提供授权证明,IP侵权,高,fact,True,fallback,operator_supply_docs,operator_supply_docs,operator_supply_docs,False,contextual,medium,heavy,high,not_self_fixable,provisional,fact规则仍开启普通语义召回,未发现明显字段冲突；可低优先级抽检。,D:\G-Vibe coding\广告合规审查智能体\知识图谱\jsonbase\游戏\20260706_小红书《游戏行业投放规则》使用手册_规则拆解_v1.json
high,RUID-94523973a33e2e4e,GAME-PAT-001,广告中涉及专利产品或者专利方法的，应当标明专利号和专利种类,数据引用不规范,中,fact,True,fallback,operator_direct,operator_direct,operator_direct,False,clear,low,none,medium,direct_fixable,provisional,fact规则仍开启普通语义召回,未发现明显字段冲突；可低优先级抽检。,D:\G-Vibe coding\广告合规审查智能体\知识图谱\jsonbase\游戏\20260705_中华人民共和国广告法（2021修正）_2021.04.29生效_20260615下载_规则拆解_v1.json
high,RUID-0890919fcdafb70b,HF-AD-002,保健食品广告需完成行业认证后方可投放,平台准入/资质不符,高,fact,True,fallback,operator_supply_docs,operator_supply_docs,operator_supply_docs,False,clear,low,heavy,medium,not_self_fixable,provisional,fact规则仍开启普通语义召回,未发现明显字段冲突；可低优先级抽检。,D:\G-Vibe coding\广告合规审查智能体\知识图谱\jsonbase\保健食品\20260705_小红书聚光帮助中心-文档_规则拆解_v1.json
high,RUID-2798fc53480800ac,HF-ADV-001,食品检测机构证明提及要求,数据引用不规范,中,fact,True,fallback,operator_direct,operator_direct,operator_direct,False,clear,low,none,low,direct_fixable,provisional,fact规则仍开启普通语义召回,未发现明显字段冲突；可低优先级抽检。,D:\G-Vibe coding\广告合规审查智能体\知识图谱\jsonbase\保健食品\20260706_小红书《食品行业投放规则》使用手册_规则拆解_v1.json
high,RUID-0662931e9588f851,HF-DATA-001,广告引证内容应真实准确并表明出处,数据引用不规范,中,fact,True,fallback,operator_direct,operator_direct,operator_direct,False,clear,low,none,medium,direct_fixable,provisional,fact规则仍开启普通语义召回,未发现明显字段冲突；可低优先级抽检。,D:\G-Vibe coding\广告合规审查智能体\知识图谱\jsonbase\保健食品\20260705_中华人民共和国广告法（2021修正）_2021.04.29生效_20260615下载_规则拆解_v1.json
high,RUID-9a19e2866a094fa6,HF-FALSE-002,禁止发布虚假广告（商品信息与实际情况不符且对购买有实质性影响）,虚假宣传,高,fact,False,disabled,operator_supply_docs,operator_supply_docs,legal_review_required,True,open,high,heavy,high,guided_fixable,human_confirmed,高解释难度高风险但未进法务,可能低估法务注意力：高解释难度且后果风险较高，建议法务复核。,D:\G-Vibe coding\广告合规审查智能体\知识图谱\jsonbase\保健食品\20260705_中华人民共和国广告法（2021修正）_2021.04.29生效_20260615下载_规则拆解_v1.json
high,RUID-3c96c967f7292c89,HF-FALSE-002,保健食品标签说明书不得含有虚假内容,虚假宣传,高,fact,False,disabled,operator_supply_docs,operator_supply_docs,legal_review_required,True,open,high,heavy,high,guided_fixable,human_confirmed,高解释难度高风险但未进法务,可能低估法务注意力：高解释难度且后果风险较高，建议法务复核。,D:\G-Vibe coding\广告合规审查智能体\知识图谱\jsonbase\保健食品\20260705_中华人民共和国食品安全法（2025修正）_2025.12.01生效_20260617下载_规则拆解_v1.json
high,RUID-cbf2f1dc04583ee7,HF-FALSE-002,食品广告不得含有虚假内容,虚假宣传,高,fact,False,disabled,operator_supply_docs,operator_supply_docs,legal_review_required,True,open,high,heavy,high,guided_fixable,human_confirmed,高解释难度高风险但未进法务,可能低估法务注意力：高解释难度且后果风险较高，建议法务复核。,D:\G-Vibe coding\广告合规审查智能体\知识图谱\jsonbase\保健食品\20260705_中华人民共和国食品安全法（2025修正）_2025.12.01生效_20260617下载_规则拆解_v1.json
high,RUID-385390706db3ccb0,HF-FC-001,保健食品标签说明书内容与注册或备案不一致,标签标识不规范,高,fact,True,fallback,legal_review_required,legal_review_required,legal_review_required,False,contextual,medium,heavy,high,not_self_fixable,provisional,fact规则仍开启普通语义召回,未发现明显字段冲突；可低优先级抽检。,D:\G-Vibe coding\广告合规审查智能体\知识图谱\jsonbase\保健食品\20260705_中华人民共和国食品安全法实施条例（2019修订）_2019.12.01生效_20260617下载_规则拆解_v1.json
high,RUID-6e3933eda959df95,HF-INFO-001,网络销售预包装食品标签信息展示一致性要求,标签标识不规范,中,fact,True,fallback,operator_supply_docs,operator_supply_docs,operator_supply_docs,False,contextual,medium,heavy,medium,guided_fixable,provisional,fact规则仍开启普通语义召回,未发现明显字段冲突；可低优先级抽检。,D:\G-Vibe coding\广告合规审查智能体\知识图谱\jsonbase\保健食品\20260705_（2027年生效！）食品标识监督管理办法_2027.03.16生效_20260617下载_规则拆解_v1.json
high,RUID-b4e721c02d7dbf5c,HF-IP-001,广告中涉及专利产品/方法须标明专利号和专利种类,IP侵权,高,fact,True,fallback,operator_direct,operator_direct,operator_direct,False,clear,low,none,medium,direct_fixable,provisional,高风险规则但运营直接处理；fact规则仍开启普通语义召回,未发现明显字段冲突；可低优先级抽检。,D:\G-Vibe coding\广告合规审查智能体\知识图谱\jsonbase\保健食品\20260705_中华人民共和国广告法（2021修正）_2021.04.29生效_20260615下载_规则拆解_v1.json
high,RUID-249bfcb434f03453,HF-IP-001,广告中不得假冒他人专利,IP侵权,高,fact,True,fallback,legal_review_required,legal_review_required,legal_review_required,False,clear,low,heavy,high,not_self_fixable,provisional,fact规则仍开启普通语义召回,未发现明显字段冲突；可低优先级抽检。,D:\G-Vibe coding\广告合规审查智能体\知识图谱\jsonbase\保健食品\20260705_中华人民共和国广告法（2021修正）_2021.04.29生效_20260615下载_规则拆解_v1.json
high,RUID-f0628074b2613360,HF-LABEL-001,预包装食品标签应标明法定事项,标签标识不规范,中,fact,True,fallback,operator_direct,operator_direct,operator_direct,False,clear,low,none,medium,direct_fixable,provisional,fact规则仍开启普通语义召回,未发现明显字段冲突；可低优先级抽检。,D:\G-Vibe coding\广告合规审查智能体\知识图谱\jsonbase\保健食品\20260705_中华人民共和国食品安全法（2025修正）_2025.12.01生效_20260617下载_规则拆解_v1.json
high,RUID-1cfc275b64f1423f,HF-LABEL-001,保健食品标签信息集中展示要求,标签标识不规范,中,fact,True,fallback,operator_direct,operator_direct,operator_direct,False,clear,low,none,medium,direct_fixable,provisional,fact规则仍开启普通语义召回,未发现明显字段冲突；可低优先级抽检。,D:\G-Vibe coding\广告合规审查智能体\知识图谱\jsonbase\保健食品\20260705_（2027年生效！）食品标识监督管理办法_2027.03.16生效_20260617下载_规则拆解_v1.json
high,RUID-a12e2bc6d7a97240,HF-LABEL-001,保健食品名称标注一致性规则,标签标识不规范,中,fact,True,fallback,operator_direct,operator_direct,operator_direct,False,clear,low,none,low,direct_fixable,provisional,fact规则仍开启普通语义召回,未发现明显字段冲突；可低优先级抽检。,D:\G-Vibe coding\广告合规审查智能体\知识图谱\jsonbase\保健食品\20260705_（2027年生效！）食品标识监督管理办法_2027.03.16生效_20260617下载_规则拆解_v1.json
high,RUID-e1dd3bae81fcc2be,HF-LBL-001,特殊食品标签说明书与注册备案一致,标签标识不规范,高,fact,True,fallback,legal_review_required,legal_review_required,legal_review_required,False,contextual,medium,heavy,high,not_self_fixable,provisional,fact规则仍开启普通语义召回,未发现明显字段冲突；可低优先级抽检。,D:\G-Vibe coding\广告合规审查智能体\知识图谱\jsonbase\保健食品\20260705_中华人民共和国食品安全法实施条例（2019修订）_2019.12.01生效_20260617下载_规则拆解_v1.json
high,RUID-5a6dc7291a272100,HF-NAM-001,备案保健食品通用名应当以规范的原料名称命名,标签标识不规范,中,fact,True,fallback,operator_supply_docs,operator_direct,operator_supply_docs,False,contextual,medium,light,medium,guided_fixable,provisional,legal_attention/routing不一致；fact规则仍开启普通语义召回,legal_attention.default_route 与旧 routing.default_route 不一致。,D:\G-Vibe coding\广告合规审查智能体\知识图谱\jsonbase\保健食品\20260705_保健食品注册与备案管理办法（2020修订）_2020.10.23生效_20260617下载_规则拆解_v1.json
high,RUID-3760513ba11b8083,HF-OTH-001,同一企业不得使用同一配方注册或者备案不同名称的保健食品,其他,中,fact,True,fallback,operator_supply_docs,operator_supply_docs,operator_supply_docs,False,contextual,medium,heavy,medium,not_self_fixable,provisional,fact规则仍开启普通语义召回,未发现明显字段冲突；可低优先级抽检。,D:\G-Vibe coding\广告合规审查智能体\知识图谱\jsonbase\保健食品\20260705_保健食品注册与备案管理办法（2020修订）_2020.10.23生效_20260617下载_规则拆解_v1.json
high,RUID-4aee7195c03d3d3c,HF-REG-001,保健食品注册/备案要求：广告中不得声称产品已注册或备案但实际未完成,平台准入/资质不符,高,fact,True,fallback,legal_review_required,operator_supply_docs,legal_review_required,False,contextual,medium,heavy,high,not_self_fixable,provisional,legal_attention/routing不一致；fact规则仍开启普通语义召回,legal_attention.default_route 与旧 routing.default_route 不一致。,D:\G-Vibe coding\广告合规审查智能体\知识图谱\jsonbase\保健食品\20260705_中华人民共和国食品安全法（2025修正）_2025.12.01生效_20260617下载_规则拆解_v1.json
high,RUID-1bac53642e0ddd34,HFAD-002-001,保健食品广告未经审查不得发布,平台准入/资质不符,高,fact,True,fallback,operator_supply_docs,operator_supply_docs,operator_supply_docs,False,clear,low,heavy,high,not_self_fixable,provisional,fact规则仍开启普通语义召回,未发现明显字段冲突；可低优先级抽检。,D:\G-Vibe coding\广告合规审查智能体\知识图谱\jsonbase\保健食品\20260705_药品、医疗器械、保健食品、特殊医学用途配方食品广告审查管理暂行办法_2020.03.01生效_20260617下载_规则拆解_v1.json
high,RUID-14a648905a045dda,IAM-ADV-002,广告主发布广告需主体资格和行政许可合规,平台准入/资质不符,高,fact,True,fallback,legal_review_required,operator_supply_docs,legal_review_required,False,contextual,medium,heavy,high,not_self_fixable,provisional,legal_attention/routing不一致；fact规则仍开启普通语义召回,legal_attention.default_route 与旧 routing.default_route 不一致。,D:\G-Vibe coding\广告合规审查智能体\知识图谱\jsonbase\保健食品\20260705_互联网广告管理办法_2023.05.01生效_20260615下载_规则拆解_v1.json
high,RUID-49e77c95d85621d7,IAM-ADV-002,广告主发布广告需主体资格和行政许可合规,平台准入/资质不符,高,fact,True,fallback,legal_review_required,operator_supply_docs,legal_review_required,False,contextual,medium,heavy,high,not_self_fixable,provisional,legal_attention/routing不一致；fact规则仍开启普通语义召回,legal_attention.default_route 与旧 routing.default_route 不一致。,D:\G-Vibe coding\广告合规审查智能体\知识图谱\jsonbase\美妆\20260705_互联网广告管理办法_2023.05.01生效_20260615下载_规则拆解_v1.json
high,RUID-aa27bc86634686bd,TB-COSM-003,化妆品标签信息须完整,标签标识不规范,高,fact,True,fallback,legal_review_required,operator_supply_docs,legal_review_required,False,contextual,medium,heavy,high,not_self_fixable,provisional,legal_attention/routing不一致；fact规则仍开启普通语义召回,legal_attention.default_route 与旧 routing.default_route 不一致。,D:\G-Vibe coding\广告合规审查智能体\知识图谱\jsonbase\美妆\20260706_淘宝网化妆品行业管理规范_规则拆解_v1.json
high,RUID-f224004829c557dc,TB-HF-001,食品商品描述信息一致性要求,标签标识不规范,中,fact,True,fallback,operator_direct,operator_direct,operator_direct,False,clear,low,none,medium,direct_fixable,provisional,fact规则仍开启普通语义召回,未发现明显字段冲突；可低优先级抽检。,D:\G-Vibe coding\广告合规审查智能体\知识图谱\jsonbase\保健食品\20260705_淘宝网食品行业管理规范_规则拆解_v1.json
high,RUID-8672ca7908a6ffc1,XHS-COSM-003,广告中使用数据引证内容需提供证明材料并表明出处,数据引用不规范,高,fact,True,fallback,operator_supply_docs,operator_supply_docs,operator_supply_docs,False,contextual,medium,heavy,high,guided_fixable,provisional,fact规则仍开启普通语义召回,未发现明显字段冲突；可低优先级抽检。,D:\G-Vibe coding\广告合规审查智能体\知识图谱\jsonbase\美妆\20260705_小红书聚光帮助中心-文档_规则拆解_v1.json
high,RUID-9ecf144ad28c1c77,XHS-GAME-DAT-003,广告中使用数据引证内容需提供证明材料并表明出处,数据引用不规范,中,fact,True,fallback,operator_supply_docs,operator_supply_docs,operator_supply_docs,False,contextual,medium,heavy,medium,guided_fixable,provisional,fact规则仍开启普通语义召回,未发现明显字段冲突；可低优先级抽检。,D:\G-Vibe coding\广告合规审查智能体\知识图谱\jsonbase\游戏\20260705_小红书聚光帮助中心-文档_规则拆解_v1.json
high,RUID-5195b618e54e4edd,XHS-PAT-002,境外专利宣传需提供对应资质并标明专利所在地和号码,数据引用不规范,中,fact,True,fallback,operator_supply_docs,operator_direct,operator_supply_docs,False,clear,low,heavy,medium,guided_fixable,provisional,legal_attention/routing不一致；fact规则仍开启普通语义召回,legal_attention.default_route 与旧 routing.default_route 不一致。,D:\G-Vibe coding\广告合规审查智能体\知识图谱\jsonbase\美妆\20260706_小红书【聚光】美妆&行业规范_规则拆解_v1.json
high,RUID-0ff10e67c01abe68,COSM-OTHER-001,格式条款中不得排除或限制消费者权利、减轻或免除经营者责任,其他,高,workflow,True,fallback,operator_direct,operator_direct,operator_direct,False,clear,low,none,medium,direct_fixable,provisional,高风险规则但运营直接处理；workflow规则仍可能进入普通召回,workflow 规则当前不进入普通文案审核，建议作为专项链路单独校准。,D:\G-Vibe coding\广告合规审查智能体\知识图谱\jsonbase\美妆\20260705_中华人民共和国消费者权益保护法（2013修正）_2014.03.15生效_20260615下载_规则拆解_v1.json
high,RUID-40bed6ff34f9c6dd,GAME-BILI-002,弹幕广告文案不得填写无意义或与图片/落地页无关的内容,其他,中,workflow,True,fallback,legal_review_required,legal_review_required,legal_review_required,False,open,high,light,medium,not_self_fixable,provisional,workflow规则仍可能进入普通召回,workflow 规则当前不进入普通文案审核，建议作为专项链路单独校准。,D:\G-Vibe coding\广告合规审查智能体\知识图谱\jsonbase\游戏\20260706_B站广告推广平台审核规范（二）_规则拆解_v1.json
high,RUID-001b7fa29f70015d,GAME-BILI-003,禁止非正常性关系或性心理相关内容,其他,高,workflow,True,fallback,legal_review_required,legal_review_required,legal_review_required,False,open,high,none,high,not_self_fixable,provisional,workflow规则仍可能进入普通召回,workflow 规则当前不进入普通文案审核，建议作为专项链路单独校准。,D:\G-Vibe coding\广告合规审查智能体\知识图谱\jsonbase\游戏\20260706_B站广告推广平台审核规范_规则拆解_v1.json
high,RUID-541c7a96fa51d83e,GAME-BILI-008,创意投放需为GIF专用广告位组,其他,中,workflow,False,fallback,operator_direct,operator_direct,operator_direct,False,clear,low,none,low,direct_fixable,provisional,workflow规则仍可能进入普通召回,workflow 规则当前不进入普通文案审核，建议作为专项链路单独校准。,D:\G-Vibe coding\广告合规审查智能体\知识图谱\jsonbase\游戏\20260706_B站广告推广平台审核规范（二）_规则拆解_v1.json
high,RUID-224f71524e5b87e9,GAME-LS-001,禁止使用低俗视角展示（突出、特写、引导等）,其他,高,workflow,True,fallback,legal_review_required,legal_review_required,legal_review_required,False,contextual,high,none,high,not_self_fixable,provisional,workflow规则仍可能进入普通召回,workflow 规则当前不进入普通文案审核，建议作为专项链路单独校准。,D:\G-Vibe coding\广告合规审查智能体\知识图谱\jsonbase\游戏\20260706_B站广告推广平台审核规范_规则拆解_v1.json
high,RUID-505b14de2e9bb0fe,GAME-MAT-001,素材引人不适-恶心,其他,中,workflow,True,fallback,legal_review_required,legal_review_required,legal_review_required,False,contextual,medium,none,medium,guided_fixable,provisional,workflow规则仍可能进入普通召回,workflow 规则当前不进入普通文案审核，建议作为专项链路单独校准。,D:\G-Vibe coding\广告合规审查智能体\知识图谱\jsonbase\游戏\20260706_B站广告推广平台审核规范_规则拆解_v1.json
high,RUID-9b1bb3de9b16753e,GAME-OTHER-002,游戏类广告内容排版不可杂乱无章或元素密集堆砌,其他,低,workflow,True,fallback,operator_direct,operator_direct,operator_direct,False,contextual,medium,none,low,guided_fixable,provisional,workflow规则仍可能进入普通召回,workflow 规则当前不进入普通文案审核，建议作为专项链路单独校准。,D:\G-Vibe coding\广告合规审查智能体\知识图谱\jsonbase\游戏\20260706_B站广告推广平台审核规范_规则拆解_v1.json
high,RUID-0e71dab0d661b022,GAME-PROT-002,网络服务提供者对含有危害未成年人身心健康内容的信息应立即停止传输并处置,未成年人保护,critical,workflow,True,fallback,legal_review_required,legal_review_required,legal_review_required,False,open,high,none,high,not_self_fixable,provisional,workflow规则仍可能进入普通召回,workflow 规则当前不进入普通文案审核，建议作为专项链路单独校准。,D:\G-Vibe coding\广告合规审查智能体\知识图谱\jsonbase\游戏\20260705_中华人民共和国未成年人保护法（2024修正）_2024.04.26生效_20260615下载_规则拆解_v1.json
high,RUID-1a3e095bce1be1e4,GEN-PLATFORM-DUTY-001,平台明知违法广告应予制止,平台准入/资质不符,中,workflow,False,fallback,legal_review_required,legal_review_required,legal_review_required,False,contextual,medium,heavy,medium,not_self_fixable,provisional,workflow规则仍可能进入普通召回,workflow 规则当前不进入普通文案审核，建议作为专项链路单独校准。,D:\G-Vibe coding\广告合规审查智能体\知识图谱\jsonbase\20260623_中华人民共和国广告法_通用规则_v1.json
high,RUID-6763f650c9e732d2,HF-CONTRACT-001,格式条款中不得排除或限制消费者权利、减轻或免除经营者责任,其他,高,workflow,True,fallback,operator_direct,operator_direct,operator_direct,False,clear,low,none,high,direct_fixable,provisional,高风险规则但运营直接处理；workflow规则仍可能进入普通召回,workflow 规则当前不进入普通文案审核，建议作为专项链路单独校准。,D:\G-Vibe coding\广告合规审查智能体\知识图谱\jsonbase\保健食品\20260705_中华人民共和国消费者权益保护法（2013修正）_2014.03.15生效_20260615下载_规则拆解_v1.json
high,RUID-3a05f44ab24c9a6e,IAM-AD-001,互联网直播营销广告主体责任认定,广告代言不合规,中,workflow,True,fallback,legal_review_required,legal_review_required,legal_review_required,False,contextual,medium,none,medium,not_self_fixable,provisional,workflow规则仍可能进入普通召回,workflow 规则当前不进入普通文案审核，建议作为专项链路单独校准。,D:\G-Vibe coding\广告合规审查智能体\知识图谱\jsonbase\保健食品\20260705_互联网广告管理办法_2023.05.01生效_20260615下载_规则拆解_v1.json
high,RUID-1f35f8ba14b5df30,IAM-ADV-002,直播营销中直播间运营者广告经营者/发布者责任认定,广告代言不合规,中,workflow,False,fallback,operator_supply_docs,operator_direct,operator_supply_docs,False,contextual,medium,light,medium,guided_fixable,provisional,legal_attention/routing不一致；workflow规则仍可能进入普通召回,workflow 规则当前不进入普通文案审核，建议作为专项链路单独校准。；legal_attention.default_route 与旧 routing.default_route 不一致。,D:\G-Vibe coding\广告合规审查智能体\知识图谱\jsonbase\美妆\20260705_互联网广告管理办法_2023.05.01生效_20260615下载_规则拆解_v1.json
high,RUID-8718ea02adca8268,IAM-ADV-003,广告主自行发布广告需建立档案并保存不少于三年,其他,中,workflow,False,fallback,operator_supply_docs,operator_supply_docs,operator_supply_docs,False,clear,low,heavy,medium,not_self_fixable,provisional,workflow规则仍可能进入普通召回,workflow 规则当前不进入普通文案审核，建议作为专项链路单独校准。,D:\G-Vibe coding\广告合规审查智能体\知识图谱\jsonbase\保健食品\20260705_互联网广告管理办法_2023.05.01生效_20260615下载_规则拆解_v1.json
high,RUID-524e9337947da736,IAM-ADV-003,广告主自行发布广告需建立并保存广告档案,其他,中,workflow,False,fallback,operator_direct,operator_direct,operator_direct,False,clear,low,none,low,direct_fixable,provisional,workflow规则仍可能进入普通召回,workflow 规则当前不进入普通文案审核，建议作为专项链路单独校准。,D:\G-Vibe coding\广告合规审查智能体\知识图谱\jsonbase\美妆\20260705_互联网广告管理办法_2023.05.01生效_20260615下载_规则拆解_v1.json
high,RUID-ae8005e6a4b8473b,IAM-ADV-003,直播营销人员广告经营者/发布者责任认定,广告代言不合规,中,workflow,False,fallback,operator_supply_docs,operator_direct,operator_supply_docs,False,contextual,medium,light,medium,guided_fixable,provisional,legal_attention/routing不一致；workflow规则仍可能进入普通召回,workflow 规则当前不进入普通文案审核，建议作为专项链路单独校准。；legal_attention.default_route 与旧 routing.default_route 不一致。,D:\G-Vibe coding\广告合规审查智能体\知识图谱\jsonbase\美妆\20260705_互联网广告管理办法_2023.05.01生效_20260615下载_规则拆解_v1.json
high,RUID-1222a7f0a93e1a2e,IAM-ADVERTISER-DUTY-001,广告主应对互联网广告真实性负责,虚假宣传,中,workflow,False,fallback,operator_supply_docs,operator_supply_docs,operator_supply_docs,False,contextual,medium,heavy,medium,not_self_fixable,provisional,workflow规则仍可能进入普通召回,workflow 规则当前不进入普通文案审核，建议作为专项链路单独校准。,D:\G-Vibe coding\广告合规审查智能体\知识图谱\jsonbase\20260623_互联网广告管理办法_通用规则_v1.json
high,RUID-d63da61623449475,IAM-AGENCY-DUTY-001,广告经营发布者应审核登记广告内容,平台准入/资质不符,中,workflow,False,fallback,operator_supply_docs,operator_supply_docs,operator_supply_docs,False,contextual,medium,heavy,medium,not_self_fixable,provisional,workflow规则仍可能进入普通召回,workflow 规则当前不进入普通文案审核，建议作为专项链路单独校准。,D:\G-Vibe coding\广告合规审查智能体\知识图谱\jsonbase\20260623_互联网广告管理办法_通用规则_v1.json
high,RUID-1f7db9c54b73870a,IAM-ALGO-001,算法推荐广告应记录规则和投放档案,平台准入/资质不符,低,workflow,False,fallback,operator_supply_docs,operator_supply_docs,operator_supply_docs,False,contextual,medium,heavy,low,not_self_fixable,provisional,workflow规则仍可能进入普通召回,workflow 规则当前不进入普通文案审核，建议作为专项链路单独校准。,D:\G-Vibe coding\广告合规审查智能体\知识图谱\jsonbase\20260623_互联网广告管理办法_通用规则_v1.json
high,RUID-ada14b8a060b8ce1,IAM-PLATFORM-DUTY-001,平台应防范制止违法互联网广告,平台准入/资质不符,中,workflow,True,fallback,legal_review_required,legal_review_required,legal_review_required,False,contextual,medium,heavy,medium,not_self_fixable,provisional,workflow规则仍可能进入普通召回,workflow 规则当前不进入普通文案审核，建议作为专项链路单独校准。,D:\G-Vibe coding\广告合规审查智能体\知识图谱\jsonbase\20260623_互联网广告管理办法_通用规则_v1.json
medium,RUID-9153a1e17a0cb97a,COSM-001-001,特殊药品及戒毒相关产品不得作广告,其他,高,content,False,fallback,operator_direct,operator_direct,operator_direct,False,clear,low,none,high,direct_fixable,provisional,高风险规则但运营直接处理,未发现明显字段冲突；可低优先级抽检。,D:\G-Vibe coding\广告合规审查智能体\知识图谱\jsonbase\美妆\20260705_中华人民共和国广告法（2021修正）_2021.04.29生效_20260615下载_规则拆解_v1.json
medium,RUID-10ea14b945299036,COSM-001-001,禁止非医疗广告涉及疾病治疗功能及使用医疗用语,涉医疗宣传,高,content,True,fallback,operator_direct,operator_direct,operator_direct,False,contextual,medium,none,high,guided_fixable,provisional,高风险规则但运营直接处理,未发现明显字段冲突；可低优先级抽检。,D:\G-Vibe coding\广告合规审查智能体\知识图谱\jsonbase\美妆\20260705_中华人民共和国广告法（2021修正）_2021.04.29生效_20260615下载_规则拆解_v1.json
medium,RUID-bbed7e84e3673d78,COSM-001-001,禁止在广告中使用医疗用语或易与药品、医疗器械混淆的用语,涉医疗宣传,高,content,True,fallback,operator_direct,operator_direct,operator_direct,False,contextual,medium,none,high,guided_fixable,provisional,高风险规则但运营直接处理,未发现明显字段冲突；可低优先级抽检。,D:\G-Vibe coding\广告合规审查智能体\知识图谱\jsonbase\美妆\20260705_中华人民共和国广告法（2021修正）_2021.04.29生效_20260615下载_规则拆解_v1.json
medium,RUID-d6bf454cb707d59e,COSM-001-001,美妆产品广告中涉及人身安全的警示义务规则,警示语缺失,中,content,True,fallback,operator_supply_docs,operator_direct,operator_supply_docs,False,contextual,medium,light,medium,guided_fixable,provisional,legal_attention/routing不一致,legal_attention.default_route 与旧 routing.default_route 不一致。,D:\G-Vibe coding\广告合规审查智能体\知识图谱\jsonbase\美妆\20260705_中华人民共和国消费者权益保护法（2013修正）_2014.03.15生效_20260615下载_规则拆解_v1.json
medium,RUID-229e394a1d9023ee,COSM-001-001,化妆品标签禁止明示或暗示医疗作用,涉医疗宣传,高,content,True,fallback,operator_direct,operator_direct,operator_direct,False,clear,low,none,high,direct_fixable,provisional,高风险规则但运营直接处理,未发现明显字段冲突；可低优先级抽检。,D:\G-Vibe coding\广告合规审查智能体\知识图谱\jsonbase\美妆\20260705_化妆品监督管理条例_2021.01.01生效_20260615下载_规则拆解_v1.json
medium,RUID-fa12537003091a36,COSM-001-001,化妆品名称不得宣称医疗效果或产品不具备的功效,虚假宣传,高,content,True,fallback,operator_direct,operator_direct,operator_direct,False,clear,low,none,medium,direct_fixable,provisional,高风险规则但运营直接处理,未发现明显字段冲突；可低优先级抽检。,D:\G-Vibe coding\广告合规审查智能体\知识图谱\jsonbase\美妆\20260705_国家药监局关于发布实施《化妆品标签管理办法》的公告_2022.05.01生效_20260615下载_规则拆解_v1.json
medium,RUID-414ebe8173a1d30d,COSM-001-001,禁止使用医美项目术语描述化妆品功效,涉医疗宣传,高,content,False,fallback,operator_direct,operator_direct,operator_direct,False,clear,low,none,medium,direct_fixable,provisional,高风险规则但运营直接处理,未发现明显字段冲突；可低优先级抽检。,D:\G-Vibe coding\广告合规审查智能体\知识图谱\jsonbase\美妆\20260706_抖音【美妆行业宣传规范】实施细则_规则拆解_v1.json
medium,RUID-568597775a2a3e9d,COSM-001-001,禁止宣传化妆品可食用,虚假宣传,高,content,False,fallback,operator_direct,operator_direct,operator_direct,False,clear,low,none,medium,direct_fixable,provisional,高风险规则但运营直接处理,未发现明显字段冲突；可低优先级抽检。,D:\G-Vibe coding\广告合规审查智能体\知识图谱\jsonbase\美妆\20260706_抖音【美妆行业宣传规范】实施细则_规则拆解_v1.json
medium,RUID-174ddf9195b642c4,COSM-001-001,商品信息中不得含有医疗术语或暗示医疗作用用语,涉医疗宣传,高,content,True,fallback,operator_direct,operator_direct,operator_direct,False,contextual,medium,none,high,guided_fixable,provisional,高风险规则但运营直接处理,未发现明显字段冲突；可低优先级抽检。,D:\G-Vibe coding\广告合规审查智能体\知识图谱\jsonbase\美妆\20260706_淘宝网化妆品行业管理规范_规则拆解_v1.json
medium,RUID-52e0512c5cf38610,COSM-001-002,化妆品标签禁止虚假或引人误解的内容,虚假宣传,高,content,True,fallback,legal_review_required,legal_review_required,legal_review_required,False,open,high,heavy,high,not_self_fixable,provisional,content规则依赖重事实核验,未发现明显字段冲突；可低优先级抽检。,D:\G-Vibe coding\广告合规审查智能体\知识图谱\jsonbase\美妆\20260705_化妆品监督管理条例_2021.01.01生效_20260615下载_规则拆解_v1.json
medium,RUID-9a22a73c310fc68c,COSM-001-002,化妆品通用名应与产品配方成分相符且功效宣称相符,功效宣称,高,content,True,fallback,legal_review_required,legal_review_required,legal_review_required,False,contextual,medium,heavy,high,not_self_fixable,provisional,content规则依赖重事实核验,未发现明显字段冲突；可低优先级抽检。,D:\G-Vibe coding\广告合规审查智能体\知识图谱\jsonbase\美妆\20260705_国家药监局关于发布实施《化妆品标签管理办法》的公告_2022.05.01生效_20260615下载_规则拆解_v1.json
medium,RUID-78f75616dfcedf3a,COSM-001-002,普通美容仪禁止宣传射频原理及射频相关功效,虚假宣传,高,content,False,fallback,operator_direct,operator_direct,operator_direct,False,clear,low,none,medium,direct_fixable,provisional,高风险规则但运营直接处理,未发现明显字段冲突；可低优先级抽检。,D:\G-Vibe coding\广告合规审查智能体\知识图谱\jsonbase\美妆\20260706_抖音【美妆行业宣传规范】实施细则_规则拆解_v1.json
medium,RUID-766ee742d5a55d97,COSM-001-002,非特殊化妆品不得宣称特妆功效,功效超备案,高,content,True,fallback,operator_direct,operator_direct,operator_direct,False,clear,low,light,high,direct_fixable,provisional,高风险规则但运营直接处理,未发现明显字段冲突；可低优先级抽检。,D:\G-Vibe coding\广告合规审查智能体\知识图谱\jsonbase\美妆\20260706_淘宝网化妆品行业管理规范_规则拆解_v1.json
medium,RUID-232bd1ed0d599941,COSM-002,普通化妆品不得宣称特殊化妆品相关功效,功效超备案,高,content,True,fallback,operator_direct,operator_direct,operator_direct,False,clear,low,none,high,direct_fixable,provisional,高风险规则但运营直接处理,未发现明显字段冲突；可低优先级抽检。,D:\G-Vibe coding\广告合规审查智能体\知识图谱\jsonbase\美妆\20260705_化妆品生产经营监督管理办法_2022.01.01生效_20260615下载_规则拆解_v1.json
medium,RUID-0d04e2d8e22cb3f2,COSM-ACC-001,广告内容应当准确、清楚、明白,虚假宣传,中,content,True,fallback,legal_review_required,operator_direct,legal_review_required,False,open,high,light,medium,not_self_fixable,provisional,legal_attention/routing不一致,legal_attention.default_route 与旧 routing.default_route 不一致。,D:\G-Vibe coding\广告合规审查智能体\知识图谱\jsonbase\美妆\20260705_中华人民共和国广告法（2021修正）_2021.04.29生效_20260615下载_规则拆解_v1.json
medium,RUID-e879462bd9dec990,COSM-AD-001,社会团体/中介机构对产品质量承诺保证的连带责任,虚假宣传,高,content,True,fallback,legal_review_required,legal_review_required,legal_review_required,False,contextual,high,heavy,high,not_self_fixable,provisional,content规则依赖重事实核验,未发现明显字段冲突；可低优先级抽检。,D:\G-Vibe coding\广告合规审查智能体\知识图谱\jsonbase\美妆\20260705_中华人民共和国产品质量法（2018修正）_2018.12.29生效_20260615下载_规则拆解_v1.json
medium,RUID-1e8721fb26411949,COSM-AD-001,禁止发布声称全部或部分替代母乳的婴儿乳制品、饮料和其他食品广告,虚假宣传,高,content,True,fallback,operator_direct,operator_direct,operator_direct,False,clear,low,none,high,direct_fixable,provisional,高风险规则但运营直接处理,未发现明显字段冲突；可低优先级抽检。,D:\G-Vibe coding\广告合规审查智能体\知识图谱\jsonbase\美妆\20260705_中华人民共和国广告法（2021修正）_2021.04.29生效_20260615下载_规则拆解_v1.json
medium,RUID-04b646b65fc033ee,COSM-AD-001,农药、兽药、饲料和饲料添加剂广告不得含有功效安全性断言或保证,虚假宣传,高,content,False,fallback,operator_direct,operator_direct,operator_direct,False,clear,low,none,low,direct_fixable,provisional,高风险规则但运营直接处理,未发现明显字段冲突；可低优先级抽检。,D:\G-Vibe coding\广告合规审查智能体\知识图谱\jsonbase\美妆\20260705_中华人民共和国广告法（2021修正）_2021.04.29生效_20260615下载_规则拆解_v1.json
medium,RUID-129d3b9e44476325,COSM-AD-001,禁止在大众传播媒介或公共场所发布烟草广告,其他,高,content,True,fallback,operator_direct,operator_direct,operator_direct,False,clear,low,none,high,direct_fixable,provisional,高风险规则但运营直接处理,未发现明显字段冲突；可低优先级抽检。,D:\G-Vibe coding\广告合规审查智能体\知识图谱\jsonbase\美妆\20260705_中华人民共和国广告法（2021修正）_2021.04.29生效_20260615下载_规则拆解_v1.json
medium,RUID-d14f6a0aca24cf85,COSM-AD-001,招商广告不得对未来效果、收益等作出保证性承诺,虚假宣传,高,content,True,fallback,operator_direct,operator_direct,operator_direct,False,clear,low,none,medium,direct_fixable,provisional,高风险规则但运营直接处理,未发现明显字段冲突；可低优先级抽检。,D:\G-Vibe coding\广告合规审查智能体\知识图谱\jsonbase\美妆\20260705_中华人民共和国广告法（2021修正）_2021.04.29生效_20260615下载_规则拆解_v1.json
medium,RUID-d71213830d7a7b52,COSM-AD-001,针对未成年人的大众传播媒介上不得发布化妆品广告,未成年人保护,高,content,True,fallback,operator_supply_docs,operator_supply_docs,operator_supply_docs,False,contextual,medium,heavy,high,not_self_fixable,provisional,content规则依赖重事实核验,未发现明显字段冲突；可低优先级抽检。,D:\G-Vibe coding\广告合规审查智能体\知识图谱\jsonbase\美妆\20260705_中华人民共和国广告法（2021修正）_2021.04.29生效_20260615下载_规则拆解_v1.json
medium,RUID-fba2b7c4e349d1ee,COSM-AD-001,已备案普通化妆品不得随意改变功效宣称,功效宣称,中,content,True,fallback,operator_supply_docs,operator_supply_docs,operator_supply_docs,False,contextual,medium,heavy,medium,not_self_fixable,provisional,content规则依赖重事实核验,未发现明显字段冲突；可低优先级抽检。,D:\G-Vibe coding\广告合规审查智能体\知识图谱\jsonbase\美妆\20260705_化妆品注册备案管理办法_2021.05.01生效_20260615下载_规则拆解_v1.json
medium,RUID-90e46990938a6dbe,COSM-AD-001,化妆品功效宣称必须有充分科学依据,功效宣称,高,content,True,fallback,legal_review_required,legal_review_required,legal_review_required,False,open,high,heavy,high,not_self_fixable,provisional,content规则依赖重事实核验,未发现明显字段冲突；可低优先级抽检。,D:\G-Vibe coding\广告合规审查智能体\知识图谱\jsonbase\美妆\20260705_化妆品监督管理条例_2021.01.01生效_20260615下载_规则拆解_v1.json
medium,RUID-d1ccda6da5202c80,COSM-AD-001,化妆品广告内容应当真实、合法,虚假宣传,高,content,True,fallback,legal_review_required,legal_review_required,legal_review_required,False,open,high,heavy,high,not_self_fixable,provisional,content规则依赖重事实核验,未发现明显字段冲突；可低优先级抽检。,D:\G-Vibe coding\广告合规审查智能体\知识图谱\jsonbase\美妆\20260705_化妆品监督管理条例_2021.01.01生效_20260615下载_规则拆解_v1.json
medium,RUID-a0a791db18ce94c1,COSM-AD-001,化妆品功效宣称应当有充分科学依据,功效宣称,中,content,True,fallback,operator_supply_docs,operator_supply_docs,operator_supply_docs,False,contextual,medium,heavy,medium,not_self_fixable,provisional,content规则依赖重事实核验,未发现明显字段冲突；可低优先级抽检。,D:\G-Vibe coding\广告合规审查智能体\知识图谱\jsonbase\美妆\20260705_国家药监局关于发布《化妆品功效宣称评价规范》的公告_规则拆解_v1.json
medium,RUID-b327371d6be6c530,COSM-AD-001,祛斑美白、防晒、防脱发、祛痘、滋养和修护功效宣称需通过人体功效评价试验,功效宣称,高,content,False,fallback,operator_supply_docs,operator_supply_docs,operator_supply_docs,False,clear,low,heavy,high,not_self_fixable,provisional,content规则依赖重事实核验,未发现明显字段冲突；可低优先级抽检。,D:\G-Vibe coding\广告合规审查智能体\知识图谱\jsonbase\美妆\20260705_国家药监局关于发布《化妆品功效宣称评价规范》的公告_规则拆解_v1.json
medium,RUID-1031d0432864cd9a,COSM-AD-001,化妆品功效宣称评价报告完整性要求,功效宣称,高,content,True,fallback,operator_supply_docs,operator_supply_docs,operator_supply_docs,False,contextual,medium,heavy,high,not_self_fixable,provisional,content规则依赖重事实核验,未发现明显字段冲突；可低优先级抽检。,D:\G-Vibe coding\广告合规审查智能体\知识图谱\jsonbase\美妆\20260705_国家药监局关于发布《化妆品功效宣称评价规范》的公告_规则拆解_v1.json
medium,RUID-5d3efd1b7f6c6c7e,COSM-AD-001,直播营销平台不得为虚假或引人误解的商业宣传提供帮助或便利条件,虚假宣传,高,content,True,fallback,legal_review_required,legal_review_required,legal_review_required,False,open,high,heavy,high,not_self_fixable,provisional,content规则依赖重事实核验,未发现明显字段冲突；可低优先级抽检。,D:\G-Vibe coding\广告合规审查智能体\知识图谱\jsonbase\美妆\20260705_网络直播营销管理办法（试行）_2021.05.25生效_20260615下载_规则拆解_v1.json
medium,RUID-343e09b5c1c6b0d2,COSM-AD-002,农药、兽药、饲料和饲料添加剂广告不得利用科研单位等名义作推荐证明,广告代言不合规,高,content,False,fallback,operator_direct,operator_direct,operator_direct,False,clear,low,none,medium,direct_fixable,provisional,高风险规则但运营直接处理,未发现明显字段冲突；可低优先级抽检。,D:\G-Vibe coding\广告合规审查智能体\知识图谱\jsonbase\美妆\20260705_中华人民共和国广告法（2021修正）_2021.04.29生效_20260615下载_规则拆解_v1.json
medium,RUID-72984d1a67761dd1,COSM-AD-002,禁止向未成年人发送任何形式的烟草广告,未成年人保护,高,content,True,fallback,operator_direct,operator_direct,operator_direct,False,clear,low,none,high,direct_fixable,provisional,高风险规则但运营直接处理,未发现明显字段冲突；可低优先级抽检。,D:\G-Vibe coding\广告合规审查智能体\知识图谱\jsonbase\美妆\20260705_中华人民共和国广告法（2021修正）_2021.04.29生效_20260615下载_规则拆解_v1.json
medium,RUID-90b3548616f67e98,COSM-AD-002,招商广告不得利用学术机构、行业协会、专业人士、受益者名义作推荐证明,虚假宣传,高,content,True,fallback,operator_supply_docs,operator_direct,operator_supply_docs,False,contextual,medium,light,medium,guided_fixable,provisional,legal_attention/routing不一致,legal_attention.default_route 与旧 routing.default_route 不一致。,D:\G-Vibe coding\广告合规审查智能体\知识图谱\jsonbase\美妆\20260705_中华人民共和国广告法（2021修正）_2021.04.29生效_20260615下载_规则拆解_v1.json
medium,RUID-aa8336c37f01cad5,COSM-AD-003,农药、兽药、饲料和饲料添加剂广告不得说明有效率,虚假宣传,高,content,False,fallback,operator_direct,operator_direct,operator_direct,False,clear,low,none,low,direct_fixable,provisional,高风险规则但运营直接处理,未发现明显字段冲突；可低优先级抽检。,D:\G-Vibe coding\广告合规审查智能体\知识图谱\jsonbase\美妆\20260705_中华人民共和国广告法（2021修正）_2021.04.29生效_20260615下载_规则拆解_v1.json
medium,RUID-2ecf68c6fc4060e6,COSM-AD-003,禁止利用其他商品或服务广告宣传烟草制品名称等,其他,高,content,True,fallback,operator_direct,operator_direct,operator_direct,False,clear,low,none,high,direct_fixable,provisional,高风险规则但运营直接处理,未发现明显字段冲突；可低优先级抽检。,D:\G-Vibe coding\广告合规审查智能体\知识图谱\jsonbase\美妆\20260705_中华人民共和国广告法（2021修正）_2021.04.29生效_20260615下载_规则拆解_v1.json
medium,RUID-7364ce39bf287c53,COSM-AD-004,禁止烟草制品生产者或销售者在启事中宣传烟草制品名称等,其他,高,content,True,fallback,operator_direct,operator_direct,operator_direct,False,clear,low,none,high,direct_fixable,provisional,高风险规则但运营直接处理,未发现明显字段冲突；可低优先级抽检。,D:\G-Vibe coding\广告合规审查智能体\知识图谱\jsonbase\美妆\20260705_中华人民共和国广告法（2021修正）_2021.04.29生效_20260615下载_规则拆解_v1.json
medium,RUID-770045974521f8d2,COSM-ADEX-001,禁止使用广告极限词,绝对化用语,高,content,True,fallback,operator_direct,operator_direct,operator_direct,False,clear,low,none,medium,direct_fixable,provisional,高风险规则但运营直接处理,未发现明显字段冲突；可低优先级抽检。,D:\G-Vibe coding\广告合规审查智能体\知识图谱\jsonbase\美妆\20260706_抖音【美妆行业宣传规范】实施细则_规则拆解_v1.json
medium,RUID-bb561b594a8add93,COSM-ADLOC-001,禁止在中小学校、幼儿园内开展广告活动及利用特定载体发布广告,未成年人保护,高,content,False,fallback,operator_direct,operator_direct,operator_direct,False,clear,low,none,high,direct_fixable,provisional,高风险规则但运营直接处理,未发现明显字段冲突；可低优先级抽检。,D:\G-Vibe coding\广告合规审查智能体\知识图谱\jsonbase\美妆\20260705_中华人民共和国广告法（2021修正）_2021.04.29生效_20260615下载_规则拆解_v1.json
medium,RUID-f95c371e0e68eee3,COSM-ADPRO-001,美妆行业禁止效果保证宣传,虚假宣传,高,content,True,fallback,operator_direct,operator_direct,operator_direct,False,clear,low,none,medium,direct_fixable,provisional,高风险规则但运营直接处理,未发现明显字段冲突；可低优先级抽检。,D:\G-Vibe coding\广告合规审查智能体\知识图谱\jsonbase\美妆\20260706_抖音【美妆行业宣传规范】实施细则_规则拆解_v1.json
medium,RUID-c434bc40389bb1a2,COSM-ADV-001,广告中使用他人名义或形象需取得书面同意,广告代言不合规,高,content,True,fallback,operator_supply_docs,operator_supply_docs,operator_supply_docs,False,contextual,medium,heavy,high,not_self_fixable,provisional,content规则依赖重事实核验,未发现明显字段冲突；可低优先级抽检。,D:\G-Vibe coding\广告合规审查智能体\知识图谱\jsonbase\美妆\20260705_中华人民共和国广告法（2021修正）_2021.04.29生效_20260615下载_规则拆解_v1.json
medium,RUID-d31f24a1455c5ead,COSM-ADV-001,广告代言人不得为其未使用过的商品作推荐、证明,广告代言不合规,高,content,True,fallback,operator_supply_docs,operator_direct,operator_supply_docs,False,contextual,medium,light,high,guided_fixable,provisional,legal_attention/routing不一致,legal_attention.default_route 与旧 routing.default_route 不一致。,D:\G-Vibe coding\广告合规审查智能体\知识图谱\jsonbase\美妆\20260705_中华人民共和国广告法（2021修正）_2021.04.29生效_20260615下载_规则拆解_v1.json
medium,RUID-79468f9702e16ad3,COSM-ADV-001,广告代言人不得为未使用过的美妆商品作推荐、证明,广告代言不合规,高,content,True,fallback,operator_supply_docs,operator_supply_docs,operator_supply_docs,False,contextual,medium,heavy,high,not_self_fixable,provisional,content规则依赖重事实核验,未发现明显字段冲突；可低优先级抽检。,D:\G-Vibe coding\广告合规审查智能体\知识图谱\jsonbase\美妆\20260705_中华人民共和国广告法（2021修正）_2021.04.29生效_20260615下载_规则拆解_v1.json
medium,RUID-3965558bfcc2ec92,COSM-ADV-001,广告中宣称教师/导师/员工/创始人/设计师等具有院校背景需提供证明材料及任职证明,平台准入/资质不符,中,content,False,fallback,operator_supply_docs,operator_supply_docs,operator_supply_docs,False,clear,low,heavy,medium,guided_fixable,provisional,content规则依赖重事实核验,未发现明显字段冲突；可低优先级抽检。,D:\G-Vibe coding\广告合规审查智能体\知识图谱\jsonbase\美妆\20260706_小红书聚光帮助中心-文档_规则拆解_v1.json
medium,RUID-f617819336c87c61,COSM-ADV-002,不得利用不满十周岁的未成年人作为广告代言人,未成年人保护,高,content,True,fallback,operator_direct,operator_direct,operator_direct,False,clear,low,none,high,direct_fixable,provisional,高风险规则但运营直接处理,未发现明显字段冲突；可低优先级抽检。,D:\G-Vibe coding\广告合规审查智能体\知识图谱\jsonbase\美妆\20260705_中华人民共和国广告法（2021修正）_2021.04.29生效_20260615下载_规则拆解_v1.json
medium,RUID-642c5f9f15eaa889,COSM-ADV-003,不得利用因虚假广告受行政处罚未满三年的自然人、法人或其他组织作为广告代言人,广告代言不合规,高,content,True,fallback,legal_review_required,legal_review_required,legal_review_required,False,contextual,medium,heavy,high,not_self_fixable,provisional,content规则依赖重事实核验,未发现明显字段冲突；可低优先级抽检。,D:\G-Vibe coding\广告合规审查智能体\知识图谱\jsonbase\美妆\20260705_中华人民共和国广告法（2021修正）_2021.04.29生效_20260615下载_规则拆解_v1.json
medium,RUID-bc1da657e4056dfc,COSM-CHILD-001,儿童化妆品标签须明确适用对象,未成年人保护,高,content,False,fallback,operator_supply_docs,operator_supply_docs,operator_supply_docs,False,contextual,low,heavy,high,not_self_fixable,provisional,content规则依赖重事实核验,未发现明显字段冲突；可低优先级抽检。,D:\G-Vibe coding\广告合规审查智能体\知识图谱\jsonbase\美妆\20260705_附件：化妆品安全技术规范（2015年版）_规则拆解_v1.json
medium,RUID-4fb1b6a17d0a999a,COSM-CLAIM-001,特定功效宣称需通过功效评价试验验证,功效宣称,高,content,True,fallback,legal_review_required,legal_review_required,legal_review_required,False,clear,low,heavy,high,not_self_fixable,provisional,content规则依赖重事实核验,未发现明显字段冲突；可低优先级抽检。,D:\G-Vibe coding\广告合规审查智能体\知识图谱\jsonbase\美妆\20260705_国家药监局关于发布《化妆品功效宣称评价规范》的公告_规则拆解_v1.json
medium,RUID-0343bb855d28a7c8,COSM-CLAIM-001,特定宣称化妆品需通过人体功效评价试验或消费者使用测试进行功效宣称评价,功效宣称,中,content,True,fallback,operator_supply_docs,operator_supply_docs,operator_supply_docs,False,contextual,medium,heavy,medium,not_self_fixable,provisional,content规则依赖重事实核验,未发现明显字段冲突；可低优先级抽检。,D:\G-Vibe coding\广告合规审查智能体\知识图谱\jsonbase\美妆\20260705_国家药监局关于发布《化妆品功效宣称评价规范》的公告_规则拆解_v1.json
medium,RUID-eb41ab6bd8db8841,COSM-CLAIM-001,新功效宣称需提交功效宣称评价资料，免予提交情形除外,功效宣称,高,content,True,fallback,legal_review_required,legal_review_required,legal_review_required,False,contextual,high,heavy,high,not_self_fixable,provisional,content规则依赖重事实核验,未发现明显字段冲突；可低优先级抽检。,D:\G-Vibe coding\广告合规审查智能体\知识图谱\jsonbase\美妆\20260705_国家药监局关于发布《化妆品功效宣称评价规范》的公告_规则拆解_v1.json
medium,RUID-2ee4c92b78a28c9c,COSM-CLAIM-002,通过宣称原料功效进行产品功效宣称需证实原料功效及关联性,功效宣称,中,content,True,fallback,operator_supply_docs,operator_supply_docs,operator_supply_docs,False,contextual,medium,heavy,medium,not_self_fixable,provisional,content规则依赖重事实核验,未发现明显字段冲突；可低优先级抽检。,D:\G-Vibe coding\广告合规审查智能体\知识图谱\jsonbase\美妆\20260705_国家药监局关于发布《化妆品功效宣称评价规范》的公告_规则拆解_v1.json
medium,RUID-ff3193df977459a1,COSM-COMP-001,化妆品禁用组分（表1及表2）不得作为原料使用,标签标识不规范,高,content,False,fallback,operator_direct,operator_direct,operator_direct,False,clear,low,none,high,direct_fixable,provisional,高风险规则但运营直接处理,未发现明显字段冲突；可低优先级抽检。,D:\G-Vibe coding\广告合规审查智能体\知识图谱\jsonbase\美妆\20260705_附件：化妆品安全技术规范（2015年版）_规则拆解_v1.json
medium,RUID-467174683e3b6ab3,COSM-COMP-001,化妆品准用组分浓度及标签标注要求,标签标识不规范,高,content,False,fallback,legal_review_required,operator_direct,legal_review_required,False,contextual,medium,heavy,high,not_self_fixable,provisional,legal_attention/routing不一致；content规则依赖重事实核验,legal_attention.default_route 与旧 routing.default_route 不一致。,D:\G-Vibe coding\广告合规审查智能体\知识图谱\jsonbase\美妆\20260705_附件：化妆品安全技术规范（2015年版）_规则拆解_v1.json
medium,RUID-fa225688d6eeaa8e,COSM-FALSE-001,禁止伪造或冒用质量标志、产地、厂名厂址,虚假宣传,高,content,False,fallback,legal_review_required,operator_direct,legal_review_required,False,contextual,medium,heavy,high,not_self_fixable,provisional,legal_attention/routing不一致；content规则依赖重事实核验,legal_attention.default_route 与旧 routing.default_route 不一致。,D:\G-Vibe coding\广告合规审查智能体\知识图谱\jsonbase\美妆\20260705_中华人民共和国产品质量法（2018修正）_2018.12.29生效_20260615下载_规则拆解_v1.json
medium,RUID-3600b19ba8e143ae,COSM-FALSE-001,生产者不得伪造产地、厂名、厂址,虚假宣传,高,content,True,fallback,operator_supply_docs,operator_supply_docs,operator_supply_docs,False,contextual,medium,heavy,high,not_self_fixable,provisional,content规则依赖重事实核验,未发现明显字段冲突；可低优先级抽检。,D:\G-Vibe coding\广告合规审查智能体\知识图谱\jsonbase\美妆\20260705_中华人民共和国产品质量法（2018修正）_2018.12.29生效_20260615下载_规则拆解_v1.json
medium,RUID-fd8df2d0ec77fca4,COSM-FALSE-001,销售者不得伪造产地，不得伪造或者冒用他人的厂名、厂址,虚假宣传,高,content,False,fallback,legal_review_required,operator_supply_docs,legal_review_required,False,contextual,medium,heavy,high,not_self_fixable,provisional,legal_attention/routing不一致；content规则依赖重事实核验,legal_attention.default_route 与旧 routing.default_route 不一致。,D:\G-Vibe coding\广告合规审查智能体\知识图谱\jsonbase\美妆\20260705_中华人民共和国产品质量法（2018修正）_2018.12.29生效_20260615下载_规则拆解_v1.json
medium,RUID-109d5529ff183391,COSM-FALSE-001,禁止以假充真、以次充好、以不合格产品冒充合格产品,虚假宣传,高,content,True,fallback,operator_direct,operator_direct,operator_direct,False,clear,low,none,high,direct_fixable,provisional,高风险规则但运营直接处理,未发现明显字段冲突；可低优先级抽检。,D:\G-Vibe coding\广告合规审查智能体\知识图谱\jsonbase\美妆\20260705_中华人民共和国产品质量法（2018修正）_2018.12.29生效_20260615下载_规则拆解_v1.json
medium,RUID-e263721a26975f81,COSM-FALSE-001,禁止以假充真、以次充好或以不合格产品冒充合格产品,虚假宣传,高,content,True,fallback,legal_review_required,operator_supply_docs,legal_review_required,False,open,high,heavy,high,not_self_fixable,provisional,legal_attention/routing不一致；content规则依赖重事实核验,legal_attention.default_route 与旧 routing.default_route 不一致。,D:\G-Vibe coding\广告合规审查智能体\知识图谱\jsonbase\美妆\20260705_中华人民共和国产品质量法（2018修正）_2018.12.29生效_20260615下载_规则拆解_v1.json
medium,RUID-b04dfa24711da00d,COSM-FALSE-001,禁止在广告中对产品质量作虚假宣传,虚假宣传,高,content,True,fallback,legal_review_required,legal_review_required,legal_review_required,False,open,high,heavy,high,not_self_fixable,provisional,content规则依赖重事实核验,未发现明显字段冲突；可低优先级抽检。,D:\G-Vibe coding\广告合规审查智能体\知识图谱\jsonbase\美妆\20260705_中华人民共和国产品质量法（2018修正）_2018.12.29生效_20260615下载_规则拆解_v1.json
medium,RUID-15b344d15170a303,COSM-FALSE-001,广告不得含有虚假或引人误解的内容,虚假宣传,高,content,True,fallback,legal_review_required,legal_review_required,legal_review_required,False,open,high,heavy,high,not_self_fixable,provisional,content规则依赖重事实核验,未发现明显字段冲突；可低优先级抽检。,D:\G-Vibe coding\广告合规审查智能体\知识图谱\jsonbase\美妆\20260705_中华人民共和国广告法（2021修正）_2021.04.29生效_20260615下载_规则拆解_v1.json
medium,RUID-5200453ef8037964,COSM-FALSE-001,虚假广告定义-商品或服务不存在,虚假宣传,高,content,True,fallback,legal_review_required,legal_review_required,legal_review_required,False,open,high,heavy,high,not_self_fixable,provisional,content规则依赖重事实核验,未发现明显字段冲突；可低优先级抽检。,D:\G-Vibe coding\广告合规审查智能体\知识图谱\jsonbase\美妆\20260705_中华人民共和国广告法（2021修正）_2021.04.29生效_20260615下载_规则拆解_v1.json
medium,RUID-baab8cf4685f20b7,COSM-FALSE-001,虚假广告导致消费者损害的民事责任规则,虚假宣传,高,content,False,fallback,legal_review_required,legal_review_required,legal_review_required,False,open,high,heavy,high,not_self_fixable,provisional,content规则依赖重事实核验,未发现明显字段冲突；可低优先级抽检。,D:\G-Vibe coding\广告合规审查智能体\知识图谱\jsonbase\美妆\20260705_中华人民共和国广告法（2021修正）_2021.04.29生效_20260615下载_规则拆解_v1.json
medium,RUID-f5ed5ecace7a0628,COSM-FALSE-001,化妆品标签不得虚假或引人误解,虚假宣传,高,content,True,fallback,legal_review_required,legal_review_required,legal_review_required,False,open,high,heavy,high,not_self_fixable,provisional,content规则依赖重事实核验,未发现明显字段冲突；可低优先级抽检。,D:\G-Vibe coding\广告合规审查智能体\知识图谱\jsonbase\美妆\20260705_化妆品生产经营监督管理办法_2022.01.01生效_20260615下载_规则拆解_v1.json
medium,RUID-508d9b162fadf72d,COSM-FALSE-001,特殊用途化妆品虚假宣传禁止规则,虚假宣传,高,content,True,fallback,legal_review_required,legal_review_required,legal_review_required,False,contextual,medium,heavy,high,not_self_fixable,provisional,content规则依赖重事实核验,未发现明显字段冲突；可低优先级抽检。,D:\G-Vibe coding\广告合规审查智能体\知识图谱\jsonbase\美妆\20260706_抖音【化妆品类】商品虚假宣传细则_规则拆解_v1.json
medium,RUID-c9860e35e255f11e,COSM-FALSE-001,禁止对商品信息及参数进行虚假/夸大描述,虚假宣传,高,content,True,fallback,legal_review_required,operator_direct,legal_review_required,False,open,high,heavy,high,not_self_fixable,provisional,legal_attention/routing不一致；content规则依赖重事实核验,legal_attention.default_route 与旧 routing.default_route 不一致。,D:\G-Vibe coding\广告合规审查智能体\知识图谱\jsonbase\美妆\20260706_抖音【美妆行业宣传规范】实施细则_规则拆解_v1.json
medium,RUID-d6defab474166af4,COSM-FALSE-001,美妆行业禁止虚假宣传,虚假宣传,高,content,True,fallback,legal_review_required,legal_review_required,legal_review_required,False,open,high,heavy,high,not_self_fixable,provisional,content规则依赖重事实核验,未发现明显字段冲突；可低优先级抽检。,D:\G-Vibe coding\广告合规审查智能体\知识图谱\jsonbase\美妆\20260706_抖音【美妆行业宣传规范】实施细则_规则拆解_v1.json
medium,RUID-01cc97319c2a5a1d,COSM-FALSE-001,美妆功效虚假宣传禁止规则,虚假宣传,高,content,True,fallback,operator_supply_docs,operator_direct,operator_supply_docs,False,contextual,medium,light,high,guided_fixable,provisional,legal_attention/routing不一致,legal_attention.default_route 与旧 routing.default_route 不一致。,D:\G-Vibe coding\广告合规审查智能体\知识图谱\jsonbase\美妆\20260706_抖音【美妆行业宣传规范】实施细则_规则拆解_v1.json
medium,RUID-572d70a3dcbc9cda,COSM-FALSE-002,虚假广告定义-商品信息与实际情况不符且对购买行为有实质性影响,虚假宣传,高,content,True,fallback,legal_review_required,legal_review_required,legal_review_required,False,open,high,heavy,high,not_self_fixable,provisional,content规则依赖重事实核验,未发现明显字段冲突；可低优先级抽检。,D:\G-Vibe coding\广告合规审查智能体\知识图谱\jsonbase\美妆\20260705_中华人民共和国广告法（2021修正）_2021.04.29生效_20260615下载_规则拆解_v1.json
medium,RUID-df04b627fbff1398,COSM-FALSE-003,虚假广告定义-使用虚构、伪造或无法验证的证明材料,虚假宣传,高,content,True,fallback,legal_review_required,legal_review_required,legal_review_required,False,open,high,heavy,high,not_self_fixable,provisional,content规则依赖重事实核验,未发现明显字段冲突；可低优先级抽检。,D:\G-Vibe coding\广告合规审查智能体\知识图谱\jsonbase\美妆\20260705_中华人民共和国广告法（2021修正）_2021.04.29生效_20260615下载_规则拆解_v1.json
medium,RUID-6aacf3fd76ca293f,COSM-FALSE-004,虚假广告定义-虚构使用商品或接受服务的效果,虚假宣传,高,content,True,fallback,legal_review_required,legal_review_required,legal_review_required,False,open,high,heavy,high,not_self_fixable,provisional,content规则依赖重事实核验,未发现明显字段冲突；可低优先级抽检。,D:\G-Vibe coding\广告合规审查智能体\知识图谱\jsonbase\美妆\20260705_中华人民共和国广告法（2021修正）_2021.04.29生效_20260615下载_规则拆解_v1.json
medium,RUID-1d919056bab3de63,COSM-FALSEADV-001,虚假广告连带责任-经营者赔偿义务,虚假宣传,高,content,True,fallback,legal_review_required,operator_direct,legal_review_required,False,open,high,heavy,high,not_self_fixable,provisional,legal_attention/routing不一致；content规则依赖重事实核验,legal_attention.default_route 与旧 routing.default_route 不一致。,D:\G-Vibe coding\广告合规审查智能体\知识图谱\jsonbase\美妆\20260705_中华人民共和国消费者权益保护法（2013修正）_2014.03.15生效_20260615下载_规则拆解_v1.json
medium,RUID-25fc3df0651f5fbe,COSM-FALSEADV-002,虚假广告连带责任-生命健康商品广告经营者连带责任,虚假宣传,高,content,True,fallback,legal_review_required,legal_review_required,legal_review_required,False,contextual,high,heavy,high,not_self_fixable,provisional,content规则依赖重事实核验,未发现明显字段冲突；可低优先级抽检。,D:\G-Vibe coding\广告合规审查智能体\知识图谱\jsonbase\美妆\20260705_中华人民共和国消费者权益保护法（2013修正）_2014.03.15生效_20260615下载_规则拆解_v1.json
medium,RUID-28d3242b78268125,COSM-FALSEADV-003,虚假广告连带责任-社会团体或个人推荐连带责任,广告代言不合规,高,content,True,fallback,legal_review_required,legal_review_required,legal_review_required,False,open,high,heavy,high,not_self_fixable,provisional,content规则依赖重事实核验,未发现明显字段冲突；可低优先级抽检。,D:\G-Vibe coding\广告合规审查智能体\知识图谱\jsonbase\美妆\20260705_中华人民共和国消费者权益保护法（2013修正）_2014.03.15生效_20260615下载_规则拆解_v1.json
medium,RUID-98a02d5814c51abf,COSM-FC-001,化妆品类商品不得过度承诺,虚假宣传,高,content,True,fallback,operator_direct,operator_direct,operator_direct,False,contextual,medium,none,medium,guided_fixable,provisional,高风险规则但运营直接处理,未发现明显字段冲突；可低优先级抽检。,D:\G-Vibe coding\广告合规审查智能体\知识图谱\jsonbase\美妆\20260706_抖音【化妆品类】商品虚假宣传细则_规则拆解_v1.json
medium,RUID-1180515ca066cdf0,COSM-FORMULA-001,化妆品配方不得使用禁用组分,标签标识不规范,高,content,False,fallback,legal_review_required,operator_supply_docs,legal_review_required,False,contextual,medium,heavy,high,not_self_fixable,provisional,legal_attention/routing不一致；content规则依赖重事实核验,legal_attention.default_route 与旧 routing.default_route 不一致。,D:\G-Vibe coding\广告合规审查智能体\知识图谱\jsonbase\美妆\20260705_附件：化妆品安全技术规范（2015年版）_规则拆解_v1.json
medium,RUID-9308dface6437b5d,COSM-FORMULA-002,限用组分使用须符合规定,标签标识不规范,高,content,False,fallback,legal_review_required,operator_supply_docs,legal_review_required,False,contextual,medium,heavy,high,not_self_fixable,provisional,legal_attention/routing不一致；content规则依赖重事实核验,legal_attention.default_route 与旧 routing.default_route 不一致。,D:\G-Vibe coding\广告合规审查智能体\知识图谱\jsonbase\美妆\20260705_附件：化妆品安全技术规范（2015年版）_规则拆解_v1.json
medium,RUID-79f64e76cbb89c19,COSM-FORMULA-003,防腐剂、防晒剂、着色剂、染发剂须使用准用组分,标签标识不规范,高,content,False,fallback,legal_review_required,operator_supply_docs,legal_review_required,False,contextual,medium,heavy,high,not_self_fixable,provisional,legal_attention/routing不一致；content规则依赖重事实核验,legal_attention.default_route 与旧 routing.default_route 不一致。,D:\G-Vibe coding\广告合规审查智能体\知识图谱\jsonbase\美妆\20260705_附件：化妆品安全技术规范（2015年版）_规则拆解_v1.json
medium,RUID-b90569db453b71fa,COSM-HARMFUL-001,化妆品有害物质须符合限值,标签标识不规范,高,content,False,fallback,operator_supply_docs,operator_supply_docs,operator_supply_docs,False,contextual,medium,heavy,high,not_self_fixable,provisional,content规则依赖重事实核验,未发现明显字段冲突；可低优先级抽检。,D:\G-Vibe coding\广告合规审查智能体\知识图谱\jsonbase\美妆\20260705_附件：化妆品安全技术规范（2015年版）_规则拆解_v1.json
medium,RUID-369f8b21dcdbc0f3,COSM-IND-001,禁止诱导第三方交易或引流,其他,高,content,True,fallback,operator_direct,operator_direct,operator_direct,False,clear,low,none,medium,direct_fixable,provisional,高风险规则但运营直接处理,未发现明显字段冲突；可低优先级抽检。,D:\G-Vibe coding\广告合规审查智能体\知识图谱\jsonbase\美妆\20260706_抖音【美妆行业宣传规范】实施细则_规则拆解_v1.json
medium,RUID-f31d82bce8f55f02,COSM-ING-001,化妆品防腐剂使用浓度限制规则,标签标识不规范,中,content,False,fallback,operator_supply_docs,operator_direct,operator_supply_docs,False,clear,low,light,medium,guided_fixable,provisional,legal_attention/routing不一致,legal_attention.default_route 与旧 routing.default_route 不一致。,D:\G-Vibe coding\广告合规审查智能体\知识图谱\jsonbase\美妆\20260705_附件：化妆品安全技术规范（2015年版）_规则拆解_v1.json
medium,RUID-1121cc681df8ab03,COSM-LABEL-001,化妆品标签内容应与注册备案资料一致,标签标识不规范,中,content,True,fallback,legal_review_required,legal_review_required,legal_review_required,False,contextual,medium,heavy,high,not_self_fixable,provisional,content规则依赖重事实核验,未发现明显字段冲突；可低优先级抽检。,D:\G-Vibe coding\广告合规审查智能体\知识图谱\jsonbase\美妆\20260705_化妆品生产经营监督管理办法_2022.01.01生效_20260615下载_规则拆解_v1.json
medium,RUID-162f81c126aadeec,COSM-LABEL-001,化妆品最小销售单元标签内容真实完整准确,标签标识不规范,中,content,True,fallback,operator_supply_docs,operator_supply_docs,operator_supply_docs,False,contextual,medium,heavy,medium,not_self_fixable,provisional,content规则依赖重事实核验,未发现明显字段冲突；可低优先级抽检。,D:\G-Vibe coding\广告合规审查智能体\知识图谱\jsonbase\美妆\20260705_化妆品监督管理条例_2021.01.01生效_20260615下载_规则拆解_v1.json
medium,RUID-5f80a73247956422,COSM-LABEL-001,化妆品标签内容应与注册或备案信息一致,标签标识不规范,高,content,True,fallback,operator_supply_docs,operator_supply_docs,operator_supply_docs,False,contextual,medium,heavy,high,not_self_fixable,provisional,content规则依赖重事实核验,未发现明显字段冲突；可低优先级抽检。,D:\G-Vibe coding\广告合规审查智能体\知识图谱\jsonbase\美妆\20260705_国家药监局关于发布实施《化妆品标签管理办法》的公告_2022.05.01生效_20260615下载_规则拆解_v1.json
medium,RUID-ec56d205b19873b0,COSM-LABEL-001,化妆品标签须标注使用条件和注意事项,标签标识不规范,中,content,False,fallback,operator_supply_docs,operator_supply_docs,operator_supply_docs,False,contextual,medium,heavy,medium,guided_fixable,provisional,content规则依赖重事实核验,未发现明显字段冲突；可低优先级抽检。,D:\G-Vibe coding\广告合规审查智能体\知识图谱\jsonbase\美妆\20260705_附件：化妆品安全技术规范（2015年版）_规则拆解_v1.json
medium,RUID-563ee76d0a136cbe,COSM-MED-001,禁止利用医学名人或医生形象进行背书,涉医疗宣传,高,content,True,fallback,operator_direct,operator_direct,operator_direct,False,clear,low,none,medium,direct_fixable,provisional,高风险规则但运营直接处理,未发现明显字段冲突；可低优先级抽检。,D:\G-Vibe coding\广告合规审查智能体\知识图谱\jsonbase\美妆\20260706_抖音【美妆行业宣传规范】实施细则_规则拆解_v1.json
medium,RUID-9f6c080f82494ee0,COSM-MED-002,禁止使用疾病类症状语进行宣传,涉医疗宣传,高,content,False,fallback,operator_direct,operator_direct,operator_direct,False,clear,low,none,medium,direct_fixable,provisional,高风险规则但运营直接处理,未发现明显字段冲突；可低优先级抽检。,D:\G-Vibe coding\广告合规审查智能体\知识图谱\jsonbase\美妆\20260706_抖音【美妆行业宣传规范】实施细则_规则拆解_v1.json
medium,RUID-c58eff6795b0d95b,COSM-MED-003,禁止使用治疗修复类功效语宣称对疾病有作用,功效宣称,高,content,True,fallback,operator_direct,operator_direct,operator_direct,False,clear,low,none,high,direct_fixable,provisional,高风险规则但运营直接处理,未发现明显字段冲突；可低优先级抽检。,D:\G-Vibe coding\广告合规审查智能体\知识图谱\jsonbase\美妆\20260706_抖音【美妆行业宣传规范】实施细则_规则拆解_v1.json
medium,RUID-7694a8850060153f,COSM-MEDICAL-001,化妆品标签不得明示或暗示医疗作用,涉医疗宣传,高,content,True,fallback,operator_direct,operator_direct,operator_direct,False,clear,low,none,high,direct_fixable,provisional,高风险规则但运营直接处理,未发现明显字段冲突；可低优先级抽检。,D:\G-Vibe coding\广告合规审查智能体\知识图谱\jsonbase\美妆\20260705_化妆品生产经营监督管理办法_2022.01.01生效_20260615下载_规则拆解_v1.json
medium,RUID-9e2b6ad7519be0ac,COSM-MICRO-001,化妆品微生物指标须符合限值,标签标识不规范,中,content,False,fallback,operator_supply_docs,operator_supply_docs,operator_supply_docs,False,contextual,medium,heavy,medium,not_self_fixable,provisional,content规则依赖重事实核验,未发现明显字段冲突；可低优先级抽检。,D:\G-Vibe coding\广告合规审查智能体\知识图谱\jsonbase\美妆\20260705_附件：化妆品安全技术规范（2015年版）_规则拆解_v1.json
medium,RUID-b288979a746ecc79,COSM-MIS-001,化妆品不得超范围宣传,虚假宣传,高,content,True,fallback,operator_supply_docs,operator_supply_docs,operator_supply_docs,False,contextual,medium,heavy,high,not_self_fixable,provisional,content规则依赖重事实核验,未发现明显字段冲突；可低优先级抽检。,D:\G-Vibe coding\广告合规审查智能体\知识图谱\jsonbase\美妆\20260706_抖音【化妆品类】商品虚假宣传细则_规则拆解_v1.json
medium,RUID-873f9add2ecc9622,COSM-MIS-001,商品宣传信息真实性义务,虚假宣传,中,content,True,fallback,operator_supply_docs,operator_supply_docs,operator_supply_docs,False,contextual,medium,heavy,medium,not_self_fixable,provisional,content规则依赖重事实核验,未发现明显字段冲突；可低优先级抽检。,D:\G-Vibe coding\广告合规审查智能体\知识图谱\jsonbase\美妆\20260706_抖音【美妆行业宣传规范】实施细则_规则拆解_v1.json
medium,RUID-aa602bb14122a103,COSM-OTH-001,禁止为法律行政法规禁止生产销售或禁止发布广告的商品服务设计制作代理发布广告,其他,高,content,True,fallback,legal_review_required,legal_review_required,legal_review_required,False,open,high,heavy,high,not_self_fixable,provisional,content规则依赖重事实核验,未发现明显字段冲突；可低优先级抽检。,D:\G-Vibe coding\广告合规审查智能体\知识图谱\jsonbase\美妆\20260705_中华人民共和国广告法（2021修正）_2021.04.29生效_20260615下载_规则拆解_v1.json
medium,RUID-4a6d2c4fc4cc871e,COSM-OTH-001,禁止在针对未成年人的大众传播媒介上发布化妆品广告,未成年人保护,高,content,True,fallback,operator_supply_docs,operator_direct,operator_supply_docs,False,contextual,medium,light,high,guided_fixable,provisional,legal_attention/routing不一致,legal_attention.default_route 与旧 routing.default_route 不一致。,D:\G-Vibe coding\广告合规审查智能体\知识图谱\jsonbase\美妆\20260705_中华人民共和国广告法（2021修正）_2021.04.29生效_20260615下载_规则拆解_v1.json
medium,RUID-0351704b986d5d1e,COSM-OTH-001,禁止使用过期、废弃、回收的化妆品或原料生产化妆品,其他,高,content,True,fallback,operator_direct,operator_direct,operator_direct,False,clear,low,none,high,direct_fixable,provisional,高风险规则但运营直接处理,未发现明显字段冲突；可低优先级抽检。,D:\G-Vibe coding\广告合规审查智能体\知识图谱\jsonbase\美妆\20260705_化妆品监督管理条例_2021.01.01生效_20260615下载_规则拆解_v1.json
medium,RUID-fcddcf576186f9e9,COSM-OTH-001,化妆品功效宣称评价试验要求,其他,低,content,False,fallback,legal_review_required,operator_direct,legal_review_required,False,open,high,heavy,medium,not_self_fixable,provisional,legal_attention/routing不一致；content规则依赖重事实核验,legal_attention.default_route 与旧 routing.default_route 不一致。,D:\G-Vibe coding\广告合规审查智能体\知识图谱\jsonbase\美妆\20260705_国家药监局关于发布《化妆品功效宣称评价规范》的公告_规则拆解_v1.json
medium,RUID-e6b6df4058b0ced8,COSM-OTHER-001,销售者不得销售国家明令淘汰并停止销售的产品和失效、变质的产品,其他,高,content,True,fallback,operator_direct,operator_direct,operator_direct,False,clear,low,none,high,direct_fixable,provisional,高风险规则但运营直接处理,未发现明显字段冲突；可低优先级抽检。,D:\G-Vibe coding\广告合规审查智能体\知识图谱\jsonbase\美妆\20260705_中华人民共和国产品质量法（2018修正）_2018.12.29生效_20260615下载_规则拆解_v1.json
medium,RUID-7765255fe0e244d5,COSM-OTHER-001,禁止伪造或冒用产地、厂名厂址及质量标志,其他,高,content,True,fallback,operator_supply_docs,operator_supply_docs,operator_supply_docs,False,contextual,medium,heavy,high,not_self_fixable,provisional,content规则依赖重事实核验,未发现明显字段冲突；可低优先级抽检。,D:\G-Vibe coding\广告合规审查智能体\知识图谱\jsonbase\美妆\20260705_中华人民共和国产品质量法（2018修正）_2018.12.29生效_20260615下载_规则拆解_v1.json
medium,RUID-80be4c286d73fac3,COSM-OTHER-004,广告中未经同意不得使用他人名义或形象,广告代言不合规,高,content,True,fallback,legal_review_required,operator_supply_docs,legal_review_required,False,contextual,medium,heavy,high,not_self_fixable,provisional,legal_attention/routing不一致；content规则依赖重事实核验,legal_attention.default_route 与旧 routing.default_route 不一致。,D:\G-Vibe coding\广告合规审查智能体\知识图谱\jsonbase\美妆\20260705_中华人民共和国广告法（2021修正）_2021.04.29生效_20260615下载_规则拆解_v1.json
medium,RUID-60197dfa6e387977,COSM-PLAT-001,特化资质审核：宣称特定功效需提供特殊化妆品备案证明,平台准入/资质不符,高,content,False,fallback,operator_supply_docs,operator_supply_docs,operator_supply_docs,False,clear,low,heavy,high,not_self_fixable,provisional,content规则依赖重事实核验,未发现明显字段冲突；可低优先级抽检。,D:\G-Vibe coding\广告合规审查智能体\知识图谱\jsonbase\美妆\20260706_小红书【美妆个护行业投放规则】使用手册_规则拆解_v1.json
medium,RUID-b11a65604979d8cb,COSM-PLAT-001,美妆产品禁止涉及医疗保健功效宣传,涉医疗宣传,高,content,True,fallback,operator_direct,operator_direct,operator_direct,False,clear,low,none,high,direct_fixable,provisional,高风险规则但运营直接处理,未发现明显字段冲突；可低优先级抽检。,D:\G-Vibe coding\广告合规审查智能体\知识图谱\jsonbase\美妆\20260706_小红书聚光帮助中心-文档_规则拆解_v1.json
medium,RUID-6c252218419f6fb3,COSM-PLAT-001,普通化妆品不得宣传特殊功效,功效超备案,高,content,True,fallback,legal_review_required,operator_supply_docs,legal_review_required,False,contextual,medium,heavy,high,not_self_fixable,provisional,legal_attention/routing不一致；content规则依赖重事实核验,legal_attention.default_route 与旧 routing.default_route 不一致。,D:\G-Vibe coding\广告合规审查智能体\知识图谱\jsonbase\美妆\20260706_抖音【化妆品类】商品虚假宣传细则_规则拆解_v1.json
medium,RUID-484d4f5bb51ccac8,COSM-PLAT-002,美妆育发产品功效宣称需按特殊化妆品管理,功效宣称,中,content,True,fallback,operator_supply_docs,operator_supply_docs,operator_supply_docs,False,contextual,medium,heavy,medium,not_self_fixable,provisional,content规则依赖重事实核验,未发现明显字段冲突；可低优先级抽检。,D:\G-Vibe coding\广告合规审查智能体\知识图谱\jsonbase\美妆\20260706_小红书【广告内容规范提醒】——美妆育发产品_规则拆解_v1.json
medium,RUID-852f55127f56f04a,COSM-PQL-001,美妆产品必须符合保障人体健康和人身、财产安全的国家标准或行业标准,其他,高,content,False,fallback,operator_direct,operator_direct,operator_direct,False,clear,low,none,high,direct_fixable,provisional,高风险规则但运营直接处理,未发现明显字段冲突；可低优先级抽检。,D:\G-Vibe coding\广告合规审查智能体\知识图谱\jsonbase\美妆\20260705_中华人民共和国产品质量法（2018修正）_2018.12.29生效_20260615下载_规则拆解_v1.json
medium,RUID-8fcd20970384dcc8,COSM-PQL-001,产品质量应当符合注明采用的产品标准及表明的质量状况,虚假宣传,中,content,True,fallback,operator_supply_docs,operator_supply_docs,operator_supply_docs,False,contextual,medium,heavy,medium,not_self_fixable,provisional,content规则依赖重事实核验,未发现明显字段冲突；可低优先级抽检。,D:\G-Vibe coding\广告合规审查智能体\知识图谱\jsonbase\美妆\20260705_中华人民共和国产品质量法（2018修正）_2018.12.29生效_20260615下载_规则拆解_v1.json
medium,RUID-e82dd36e3a77d579,COSM-PRICE-001,宣传售价与实际支付价格不符,价格促销误导,中,content,True,fallback,operator_supply_docs,operator_direct,operator_supply_docs,False,contextual,medium,light,medium,guided_fixable,provisional,legal_attention/routing不一致,legal_attention.default_route 与旧 routing.default_route 不一致。,D:\G-Vibe coding\广告合规审查智能体\知识图谱\jsonbase\美妆\20260706_抖音【美妆行业宣传规范】实施细则_规则拆解_v1.json
medium,RUID-3b1de2e3b266d71a,COSM-PRICE-002,基准价无真实依据,价格促销误导,中,content,True,fallback,operator_supply_docs,operator_supply_docs,operator_supply_docs,False,contextual,medium,heavy,medium,not_self_fixable,provisional,content规则依赖重事实核验,未发现明显字段冲突；可低优先级抽检。,D:\G-Vibe coding\广告合规审查智能体\知识图谱\jsonbase\美妆\20260706_抖音【美妆行业宣传规范】实施细则_规则拆解_v1.json
medium,RUID-b645638fe503638d,COSM-PRV-001,未经消费者同意不得发送商业性信息,其他,中,content,True,fallback,operator_supply_docs,operator_direct,operator_supply_docs,False,contextual,medium,light,medium,guided_fixable,provisional,legal_attention/routing不一致,legal_attention.default_route 与旧 routing.default_route 不一致。,D:\G-Vibe coding\广告合规审查智能体\知识图谱\jsonbase\美妆\20260705_中华人民共和国消费者权益保护法（2013修正）_2014.03.15生效_20260615下载_规则拆解_v1.json
medium,RUID-e1b2a48b602823be,COSM-REG-001,特殊化妆品注册事项变更分类管理,功效超备案,高,content,True,fallback,legal_review_required,legal_review_required,legal_review_required,False,contextual,high,heavy,high,not_self_fixable,provisional,content规则依赖重事实核验,未发现明显字段冲突；可低优先级抽检。,D:\G-Vibe coding\广告合规审查智能体\知识图谱\jsonbase\美妆\20260705_化妆品注册备案管理办法_2021.05.01生效_20260615下载_规则拆解_v1.json
medium,RUID-581fef6ad17cd845,COSM-TB-004,儿童化妆品商品描述禁止使用“食品级”“可食用”等词语或食品有关图案,虚假宣传,高,content,False,fallback,operator_direct,operator_direct,operator_direct,False,clear,low,none,medium,direct_fixable,provisional,高风险规则但运营直接处理,未发现明显字段冲突；可低优先级抽检。,D:\G-Vibe coding\广告合规审查智能体\知识图谱\jsonbase\美妆\20260705_淘宝网化妆品行业管理规范_规则拆解_v1.json
medium,RUID-3d7a48f0743963a7,COSM-TB-004,儿童化妆品商品描述禁止使用“食品级”“可食用”等词语或食品有关图案,虚假宣传,高,content,True,fallback,operator_direct,operator_direct,operator_direct,False,clear,low,none,medium,direct_fixable,provisional,高风险规则但运营直接处理,未发现明显字段冲突；可低优先级抽检。,D:\G-Vibe coding\广告合规审查智能体\知识图谱\jsonbase\美妆\20260706_淘宝网化妆品行业管理规范_规则拆解_v1.json
medium,RUID-3a4dae0457f1acac,COSM-UC-001,禁止删除、屏蔽用户不利评价,用户评价/种草误导,高,content,True,fallback,operator_direct,operator_direct,operator_direct,False,clear,low,none,medium,direct_fixable,provisional,高风险规则但运营直接处理,未发现明显字段冲突；可低优先级抽检。,D:\G-Vibe coding\广告合规审查智能体\知识图谱\jsonbase\美妆\20260705_网络直播营销管理办法（试行）_2021.05.25生效_20260615下载_规则拆解_v1.json
medium,RUID-2344351d04cb9742,COSM-WARN-001,化妆品标签安全警示用语标注要求,警示语缺失,中,content,True,fallback,operator_supply_docs,operator_direct,operator_supply_docs,False,contextual,medium,light,medium,guided_fixable,provisional,legal_attention/routing不一致,legal_attention.default_route 与旧 routing.default_route 不一致。,D:\G-Vibe coding\广告合规审查智能体\知识图谱\jsonbase\美妆\20260705_国家药监局关于发布实施《化妆品标签管理办法》的公告_2022.05.01生效_20260615下载_规则拆解_v1.json
medium,RUID-1dcb65d435701939,COSM-虚假宣传-001,禁止使用禁止用于化妆品生产的原料、应当注册但未经注册的新原料生产化妆品,虚假宣传,高,content,True,fallback,operator_direct,operator_direct,operator_direct,False,clear,low,none,high,direct_fixable,provisional,高风险规则但运营直接处理,未发现明显字段冲突；可低优先级抽检。,D:\G-Vibe coding\广告合规审查智能体\知识图谱\jsonbase\美妆\20260705_化妆品监督管理条例_2021.01.01生效_20260615下载_规则拆解_v1.json
medium,RUID-db531a5b5ccce31b,COSM-虚假宣传-001,特殊用途化妆品超范围宣传禁止,虚假宣传,高,content,True,fallback,operator_supply_docs,operator_direct,operator_supply_docs,False,contextual,medium,heavy,high,guided_fixable,provisional,legal_attention/routing不一致；content规则依赖重事实核验,legal_attention.default_route 与旧 routing.default_route 不一致。,D:\G-Vibe coding\广告合规审查智能体\知识图谱\jsonbase\美妆\20260706_抖音【化妆品类】商品虚假宣传细则_规则拆解_v1.json
medium,RUID-5b5a5d9068ba0c0f,COSM-虚假宣传-001,美妆商品禁止宣传医疗、医美、保健功效,虚假宣传,高,content,True,fallback,operator_direct,operator_direct,operator_direct,False,clear,low,none,high,direct_fixable,provisional,高风险规则但运营直接处理,未发现明显字段冲突；可低优先级抽检。,D:\G-Vibe coding\广告合规审查智能体\知识图谱\jsonbase\美妆\20260706_抖音【美妆行业宣传规范】实施细则_规则拆解_v1.json
medium,RUID-2abda767194a0daf,COSM-虚假宣传-001,禁止使用外用药物或医用化妆品概念相关功效语,虚假宣传,高,content,True,fallback,operator_direct,operator_direct,operator_direct,False,clear,low,none,medium,direct_fixable,provisional,高风险规则但运营直接处理,未发现明显字段冲突；可低优先级抽检。,D:\G-Vibe coding\广告合规审查智能体\知识图谱\jsonbase\美妆\20260706_抖音【美妆行业宣传规范】实施细则_规则拆解_v1.json
medium,RUID-adbdf62e0522296e,COSM-虚假宣传-001,禁止普通化妆品宣传特殊功效或超范围宣传,虚假宣传,高,content,True,fallback,operator_direct,operator_direct,operator_direct,False,clear,low,none,medium,direct_fixable,provisional,高风险规则但运营直接处理,未发现明显字段冲突；可低优先级抽检。,D:\G-Vibe coding\广告合规审查智能体\知识图谱\jsonbase\美妆\20260706_抖音【美妆行业宣传规范】实施细则_规则拆解_v1.json
medium,RUID-19607e3f248cc2f5,COSM-虚假宣传-001,特殊化妆品超范围宣传-功效宣称超出注册范围,虚假宣传,高,content,True,fallback,operator_supply_docs,operator_supply_docs,operator_supply_docs,False,contextual,medium,heavy,high,not_self_fixable,provisional,content规则依赖重事实核验,未发现明显字段冲突；可低优先级抽检。,D:\G-Vibe coding\广告合规审查智能体\知识图谱\jsonbase\美妆\20260706_抖音【美妆行业宣传规范】实施细则_规则拆解_v1.json
medium,RUID-503970617d0d84f1,COSM-虚假宣传-001,美妆商品效果保证宣传禁止规则,虚假宣传,高,content,True,fallback,operator_direct,operator_direct,operator_direct,False,clear,low,none,medium,direct_fixable,provisional,高风险规则但运营直接处理,未发现明显字段冲突；可低优先级抽检。,D:\G-Vibe coding\广告合规审查智能体\知识图谱\jsonbase\美妆\20260706_抖音【美妆行业宣传规范】实施细则_规则拆解_v1.json
medium,RUID-f5ec77e12b20c051,COSM-虚假宣传-001,禁止无数据支撑的效果保证宣传,虚假宣传,高,content,True,fallback,operator_supply_docs,operator_direct,operator_supply_docs,False,contextual,medium,light,high,guided_fixable,provisional,legal_attention/routing不一致,legal_attention.default_route 与旧 routing.default_route 不一致。,D:\G-Vibe coding\广告合规审查智能体\知识图谱\jsonbase\美妆\20260706_抖音【美妆行业宣传规范】实施细则_规则拆解_v1.json
medium,RUID-1c246de1b3125c73,COSM-虚假宣传-001,美妆宣传禁止使用虚假性保证词语,虚假宣传,高,content,False,fallback,operator_direct,operator_direct,operator_direct,False,clear,low,none,medium,direct_fixable,provisional,高风险规则但运营直接处理,未发现明显字段冲突；可低优先级抽检。,D:\G-Vibe coding\广告合规审查智能体\知识图谱\jsonbase\美妆\20260706_抖音【美妆行业宣传规范】实施细则_规则拆解_v1.json
medium,RUID-9e32de4d02d4c3d3,COSM-虚假宣传-001,专利/荣誉/销量/研发单位/效果指数虚假宣传,虚假宣传,高,content,True,fallback,operator_supply_docs,operator_supply_docs,operator_supply_docs,False,contextual,medium,heavy,high,not_self_fixable,provisional,content规则依赖重事实核验,未发现明显字段冲突；可低优先级抽检。,D:\G-Vibe coding\广告合规审查智能体\知识图谱\jsonbase\美妆\20260706_抖音【美妆行业宣传规范】实施细则_规则拆解_v1.json
medium,RUID-ea9f23869df0f8bc,COSM-虚假宣传-001,美妆行业宣传规范-效果虚假,虚假宣传,高,content,True,fallback,operator_direct,operator_direct,operator_direct,False,clear,low,none,high,direct_fixable,provisional,高风险规则但运营直接处理,未发现明显字段冲突；可低优先级抽检。,D:\G-Vibe coding\广告合规审查智能体\知识图谱\jsonbase\美妆\20260706_抖音【美妆行业宣传规范】实施细则_规则拆解_v1.json
medium,RUID-5957d38b93e31329,COSM-虚假宣传-002,禁止暗示化妆品可食用,虚假宣传,高,content,True,fallback,operator_direct,operator_direct,operator_direct,False,clear,low,none,medium,direct_fixable,provisional,高风险规则但运营直接处理,未发现明显字段冲突；可低优先级抽检。,D:\G-Vibe coding\广告合规审查智能体\知识图谱\jsonbase\美妆\20260706_抖音【美妆行业宣传规范】实施细则_规则拆解_v1.json
medium,RUID-025d79a49ee1ea06,CPL-56-001,禁止对商品或服务作虚假或引人误解的宣传,虚假宣传,高,content,True,fallback,legal_review_required,operator_direct,legal_review_required,False,open,high,heavy,high,not_self_fixable,provisional,legal_attention/routing不一致；content规则依赖重事实核验,legal_attention.default_route 与旧 routing.default_route 不一致。,D:\G-Vibe coding\广告合规审查智能体\知识图谱\jsonbase\美妆\20260705_中华人民共和国消费者权益保护法（2013修正）_2014.03.15生效_20260615下载_规则拆解_v1.json
medium,RUID-8747128b12bea56d,DY-COSM-001,化妆品不得宣传医疗效果,涉医疗宣传,高,content,True,fallback,operator_direct,operator_direct,operator_direct,False,clear,low,none,high,direct_fixable,provisional,高风险规则但运营直接处理,未发现明显字段冲突；可低优先级抽检。,D:\G-Vibe coding\广告合规审查智能体\知识图谱\jsonbase\美妆\20260705_抖音【化妆品类】商品虚假宣传细则_规则拆解_v1.json
medium,RUID-355148d0f4c9b45f,DY-COSM-001,化妆品不得宣传医疗效果,涉医疗宣传,高,content,True,fallback,operator_direct,operator_direct,operator_direct,False,clear,low,none,high,direct_fixable,provisional,高风险规则但运营直接处理,未发现明显字段冲突；可低优先级抽检。,D:\G-Vibe coding\广告合规审查智能体\知识图谱\jsonbase\美妆\20260706_抖音【化妆品类】商品虚假宣传细则_规则拆解_v1.json
medium,RUID-7c41716145d01973,DY-COSM-001,化妆品商品不得过度承诺效果,虚假宣传,高,content,True,fallback,operator_supply_docs,operator_direct,operator_supply_docs,False,contextual,medium,light,high,guided_fixable,provisional,legal_attention/routing不一致,legal_attention.default_route 与旧 routing.default_route 不一致。,D:\G-Vibe coding\广告合规审查智能体\知识图谱\jsonbase\美妆\20260706_抖音【化妆品类】商品虚假宣传细则_规则拆解_v1.json
medium,RUID-6d9c73f1813c036b,DY-COSM-001,禁止恶意贬低第三方进行对比宣传,虚假宣传,高,content,True,fallback,operator_supply_docs,operator_direct,operator_supply_docs,False,contextual,medium,light,medium,guided_fixable,provisional,legal_attention/routing不一致,legal_attention.default_route 与旧 routing.default_route 不一致。,D:\G-Vibe coding\广告合规审查智能体\知识图谱\jsonbase\美妆\20260706_抖音【化妆品类】商品虚假宣传细则_规则拆解_v1.json
medium,RUID-8b6db2049d91cf1e,DY-COSM-001,创作者对推广商品不符合安全要求或虚假宣传承担连带责任,虚假宣传,高,content,True,fallback,legal_review_required,legal_review_required,legal_review_required,False,open,high,heavy,high,not_self_fixable,provisional,content规则依赖重事实核验,未发现明显字段冲突；可低优先级抽检。,D:\G-Vibe coding\广告合规审查智能体\知识图谱\jsonbase\美妆\20260706_抖音【美妆行业宣传规范】实施细则_规则拆解_v1.json
medium,RUID-ca83bf732424bf73,DY-COSM-001,禁止明示或暗示具有医疗功效-消炎抗敏类功效语,涉医疗宣传,高,content,True,fallback,operator_direct,operator_direct,operator_direct,False,clear,low,none,high,direct_fixable,provisional,高风险规则但运营直接处理,未发现明显字段冲突；可低优先级抽检。,D:\G-Vibe coding\广告合规审查智能体\知识图谱\jsonbase\美妆\20260706_抖音【美妆行业宣传规范】实施细则_规则拆解_v1.json
medium,RUID-71abcbe693c36524,DY-COSM-001,普通化妆品宣传特殊功效,功效超备案,高,content,True,fallback,operator_direct,operator_direct,operator_direct,False,clear,low,none,high,direct_fixable,provisional,高风险规则但运营直接处理,未发现明显字段冲突；可低优先级抽检。,D:\G-Vibe coding\广告合规审查智能体\知识图谱\jsonbase\美妆\20260706_抖音【美妆行业宣传规范】实施细则_规则拆解_v1.json
medium,RUID-2cf05ee3b2738f63,DY-COSM-001,特殊身份带货禁止规则,广告代言不合规,高,content,True,fallback,legal_review_required,legal_review_required,legal_review_required,False,contextual,medium,heavy,high,not_self_fixable,provisional,content规则依赖重事实核验,未发现明显字段冲突；可低优先级抽检。,D:\G-Vibe coding\广告合规审查智能体\知识图谱\jsonbase\美妆\20260706_抖音【美妆行业宣传规范】实施细则_规则拆解_v1.json
medium,RUID-20c0116e11280fa0,DY-COSM-001,美妆效果虚假宣传禁止规则,虚假宣传,高,content,True,fallback,operator_supply_docs,operator_direct,operator_supply_docs,False,contextual,medium,light,high,guided_fixable,provisional,legal_attention/routing不一致,legal_attention.default_route 与旧 routing.default_route 不一致。,D:\G-Vibe coding\广告合规审查智能体\知识图谱\jsonbase\美妆\20260706_抖音【美妆行业宣传规范】实施细则_规则拆解_v1.json
medium,RUID-79ddc3d35625acfc,DY-COSM-001,美妆行业禁止使用广告极限词,绝对化用语,高,content,True,fallback,operator_direct,operator_direct,operator_direct,False,clear,low,none,medium,direct_fixable,provisional,高风险规则但运营直接处理,未发现明显字段冲突；可低优先级抽检。,D:\G-Vibe coding\广告合规审查智能体\知识图谱\jsonbase\美妆\20260706_抖音【美妆行业宣传规范】实施细则_规则拆解_v1.json
medium,RUID-48dd4b8d0b3b8a02,DY-COSM-001,大小/重量/数量虚假宣传禁止规则,虚假宣传,中,content,True,fallback,operator_supply_docs,operator_supply_docs,operator_supply_docs,False,contextual,medium,heavy,medium,guided_fixable,provisional,content规则依赖重事实核验,未发现明显字段冲突；可低优先级抽检。,D:\G-Vibe coding\广告合规审查智能体\知识图谱\jsonbase\美妆\20260706_抖音【美妆行业宣传规范】实施细则_规则拆解_v1.json
medium,RUID-b4a75d0bcb280918,DY-COSM-002,非特殊用途化妆品不得宣传特殊功效,功效超备案,高,content,True,fallback,operator_direct,operator_direct,operator_direct,False,clear,low,light,high,direct_fixable,provisional,高风险规则但运营直接处理,未发现明显字段冲突；可低优先级抽检。,D:\G-Vibe coding\广告合规审查智能体\知识图谱\jsonbase\美妆\20260705_抖音【化妆品类】商品虚假宣传细则_规则拆解_v1.json
medium,RUID-a6f6803a76ae8fee,DY-COSM-002,非特殊用途化妆品不得宣传特殊功效,功效超备案,高,content,True,fallback,operator_supply_docs,operator_supply_docs,operator_supply_docs,False,contextual,medium,heavy,high,not_self_fixable,provisional,content规则依赖重事实核验,未发现明显字段冲突；可低优先级抽检。,D:\G-Vibe coding\广告合规审查智能体\知识图谱\jsonbase\美妆\20260706_抖音【化妆品类】商品虚假宣传细则_规则拆解_v1.json
medium,RUID-0d2f1071b5f33116,DY-COSM-002,化妆品商品不得使用绝对化用语宣传功效,绝对化用语,高,content,True,fallback,operator_direct,operator_direct,operator_direct,False,clear,low,none,medium,direct_fixable,provisional,高风险规则但运营直接处理,未发现明显字段冲突；可低优先级抽检。,D:\G-Vibe coding\广告合规审查智能体\知识图谱\jsonbase\美妆\20260706_抖音【化妆品类】商品虚假宣传细则_规则拆解_v1.json
medium,RUID-15dba78c5d5e7d1c,DY-COSM-002,特殊用途化妆品需持有备案证明方可宣传特化效果,功效超备案,高,content,True,fallback,legal_review_required,operator_supply_docs,legal_review_required,False,contextual,medium,heavy,high,not_self_fixable,provisional,legal_attention/routing不一致；content规则依赖重事实核验,legal_attention.default_route 与旧 routing.default_route 不一致。,D:\G-Vibe coding\广告合规审查智能体\知识图谱\jsonbase\美妆\20260706_抖音【化妆品类】商品虚假宣传细则_规则拆解_v1.json
medium,RUID-34c6a533797efffe,DY-COSM-002,禁止明示或暗示具有医疗功效-细胞类功效语,涉医疗宣传,高,content,True,fallback,operator_direct,operator_direct,operator_direct,False,clear,low,none,high,direct_fixable,provisional,高风险规则但运营直接处理,未发现明显字段冲突；可低优先级抽检。,D:\G-Vibe coding\广告合规审查智能体\知识图谱\jsonbase\美妆\20260706_抖音【美妆行业宣传规范】实施细则_规则拆解_v1.json
medium,RUID-a0fe79ec4fa4a790,DY-COSM-003,特殊用途化妆品不得跨类别宣传,功效超备案,高,content,True,fallback,legal_review_required,operator_supply_docs,legal_review_required,False,contextual,medium,heavy,high,not_self_fixable,provisional,legal_attention/routing不一致；content规则依赖重事实核验,legal_attention.default_route 与旧 routing.default_route 不一致。,D:\G-Vibe coding\广告合规审查智能体\知识图谱\jsonbase\美妆\20260705_抖音【化妆品类】商品虚假宣传细则_规则拆解_v1.json
medium,RUID-3f3b7c719ab88095,DY-COSM-003,特殊用途化妆品不得跨类别宣传,功效超备案,高,content,True,fallback,legal_review_required,operator_supply_docs,legal_review_required,False,contextual,medium,heavy,high,not_self_fixable,provisional,legal_attention/routing不一致；content规则依赖重事实核验,legal_attention.default_route 与旧 routing.default_route 不一致。,D:\G-Vibe coding\广告合规审查智能体\知识图谱\jsonbase\美妆\20260706_抖音【化妆品类】商品虚假宣传细则_规则拆解_v1.json
medium,RUID-9b366dc54aeffaa3,DY-COSM-003,化妆品商品不得虚假宣传平替概念,虚假宣传,中,content,True,fallback,operator_supply_docs,operator_direct,operator_supply_docs,False,contextual,medium,light,medium,guided_fixable,provisional,legal_attention/routing不一致,legal_attention.default_route 与旧 routing.default_route 不一致。,D:\G-Vibe coding\广告合规审查智能体\知识图谱\jsonbase\美妆\20260706_抖音【化妆品类】商品虚假宣传细则_规则拆解_v1.json
medium,RUID-4b74c2a3f429df0f,DY-COSM-004,不得无依据承诺效果或使用绝对化用语,虚假宣传,高,content,True,fallback,operator_direct,operator_direct,operator_direct,False,clear,low,none,medium,direct_fixable,provisional,高风险规则但运营直接处理,未发现明显字段冲突；可低优先级抽检。,D:\G-Vibe coding\广告合规审查智能体\知识图谱\jsonbase\美妆\20260705_抖音【化妆品类】商品虚假宣传细则_规则拆解_v1.json
medium,RUID-22f270203a1937a7,DY-COSM-004,宣传红血丝需避免绝对化用语且与商详页一致,绝对化用语,中,content,True,fallback,operator_supply_docs,operator_direct,operator_supply_docs,False,clear,low,light,medium,guided_fixable,provisional,legal_attention/routing不一致,legal_attention.default_route 与旧 routing.default_route 不一致。,D:\G-Vibe coding\广告合规审查智能体\知识图谱\jsonbase\美妆\20260706_抖音【化妆品类】商品虚假宣传细则_规则拆解_v1.json
medium,RUID-4e9b5f36db327e7e,DY-COSM-004,禁止明示或暗示具有医疗功效-内分泌类功效语,涉医疗宣传,高,content,True,fallback,operator_direct,operator_direct,operator_direct,False,clear,low,none,high,direct_fixable,provisional,高风险规则但运营直接处理,未发现明显字段冲突；可低优先级抽检。,D:\G-Vibe coding\广告合规审查智能体\知识图谱\jsonbase\美妆\20260706_抖音【美妆行业宣传规范】实施细则_规则拆解_v1.json
medium,RUID-a56980eefdeca399,DY-COSM-004,美妆不得利用医疗机构或工作人员名义推荐规则,涉医疗宣传,高,content,True,fallback,operator_direct,operator_direct,operator_direct,False,clear,low,none,high,direct_fixable,provisional,高风险规则但运营直接处理,未发现明显字段冲突；可低优先级抽检。,D:\G-Vibe coding\广告合规审查智能体\知识图谱\jsonbase\美妆\20260706_抖音【美妆行业宣传规范】实施细则_规则拆解_v1.json
medium,RUID-0d059ef53d7c468b,DY-COSM-005,宣传祛痘需与商详页宣传点保持一致,虚假宣传,中,content,False,fallback,operator_supply_docs,operator_supply_docs,operator_supply_docs,False,contextual,low,heavy,medium,guided_fixable,provisional,content规则依赖重事实核验,未发现明显字段冲突；可低优先级抽检。,D:\G-Vibe coding\广告合规审查智能体\知识图谱\jsonbase\美妆\20260706_抖音【化妆品类】商品虚假宣传细则_规则拆解_v1.json
medium,RUID-f3f5a2e82dc873c1,DY-COSM-005,禁止明示或暗示具有医疗功效-中医类功效语,涉医疗宣传,高,content,True,fallback,operator_direct,operator_direct,operator_direct,False,clear,low,none,high,direct_fixable,provisional,高风险规则但运营直接处理,未发现明显字段冲突；可低优先级抽检。,D:\G-Vibe coding\广告合规审查智能体\知识图谱\jsonbase\美妆\20260706_抖音【美妆行业宣传规范】实施细则_规则拆解_v1.json
medium,RUID-206bcad9a421f1c0,DY-COSM-UNFAIR-001,禁止恶意贬低第三方或同类商品,不正当竞争,中,content,True,fallback,operator_supply_docs,operator_direct,operator_supply_docs,False,contextual,medium,light,medium,guided_fixable,provisional,legal_attention/routing不一致,legal_attention.default_route 与旧 routing.default_route 不一致。,D:\G-Vibe coding\广告合规审查智能体\知识图谱\jsonbase\美妆\20260706_抖音【美妆行业宣传规范】实施细则_规则拆解_v1.json
medium,RUID-53d23422f47c0ba1,DY-COSM-UNFAIR-002,禁止过度宣传平替,不正当竞争,中,content,True,fallback,operator_supply_docs,operator_direct,operator_supply_docs,False,contextual,medium,light,medium,guided_fixable,provisional,legal_attention/routing不一致,legal_attention.default_route 与旧 routing.default_route 不一致。,D:\G-Vibe coding\广告合规审查智能体\知识图谱\jsonbase\美妆\20260706_抖音【美妆行业宣传规范】实施细则_规则拆解_v1.json
medium,RUID-4b714eff2e3993ca,DY-HF-001,禁止使用广告极限词,绝对化用语,高,content,True,fallback,operator_direct,operator_direct,operator_direct,False,clear,low,none,medium,direct_fixable,provisional,高风险规则但运营直接处理,未发现明显字段冲突；可低优先级抽检。,D:\G-Vibe coding\广告合规审查智能体\知识图谱\jsonbase\保健食品\20260706_抖音【滋补保健行业宣传规范】实施细则_规则拆解_v1.json
medium,RUID-c7f28f8ede77c6b0,DY-HF-001,商品宣传信息真实性义务,虚假宣传,高,content,True,fallback,operator_supply_docs,operator_supply_docs,operator_supply_docs,False,contextual,medium,heavy,high,not_self_fixable,provisional,content规则依赖重事实核验,未发现明显字段冲突；可低优先级抽检。,D:\G-Vibe coding\广告合规审查智能体\知识图谱\jsonbase\保健食品\20260706_抖音【滋补保健行业宣传规范】实施细则_规则拆解_v1.json
medium,RUID-e183f12bbabb9645,DY-HF-001,创作者对虚假宣传导致消费者投诉或售后问题承担连带责任,虚假宣传,高,content,False,fallback,legal_review_required,legal_review_required,legal_review_required,False,open,high,heavy,high,not_self_fixable,provisional,content规则依赖重事实核验,未发现明显字段冲突；可低优先级抽检。,D:\G-Vibe coding\广告合规审查智能体\知识图谱\jsonbase\保健食品\20260706_抖音【滋补保健行业宣传规范】实施细则_规则拆解_v1.json
medium,RUID-712ccb2f6856de76,DY-HF-001,大小/重量/数量虚假宣传禁止规则,虚假宣传,中,content,True,fallback,operator_supply_docs,operator_direct,operator_supply_docs,False,clear,low,light,medium,guided_fixable,provisional,legal_attention/routing不一致,legal_attention.default_route 与旧 routing.default_route 不一致。,D:\G-Vibe coding\广告合规审查智能体\知识图谱\jsonbase\保健食品\20260706_抖音【滋补保健行业宣传规范】实施细则_规则拆解_v1.json
medium,RUID-cf387407d6592cbf,DY-HF-001,滋补保健商品不得宣传对重大疾病有效果,虚假宣传,高,content,True,fallback,operator_direct,operator_direct,operator_direct,False,clear,low,none,high,direct_fixable,provisional,高风险规则但运营直接处理,未发现明显字段冲突；可低优先级抽检。,D:\G-Vibe coding\广告合规审查智能体\知识图谱\jsonbase\保健食品\20260706_抖音【滋补保健行业宣传规范】实施细则_规则拆解_v1.json
medium,RUID-66bef2fb5e73c17a,DY-HF-001,禁止宣传治疗重大疾病功效,虚假宣传,高,content,False,fallback,operator_direct,operator_direct,operator_direct,False,clear,low,none,high,direct_fixable,provisional,高风险规则但运营直接处理,未发现明显字段冲突；可低优先级抽检。,D:\G-Vibe coding\广告合规审查智能体\知识图谱\jsonbase\保健食品\20260706_抖音【滋补保健行业宣传规范】实施细则_规则拆解_v1.json
medium,RUID-641399c020e7deee,DY-HF-001,禁止效果保证宣传-断言或保证产品功能功效安全性,虚假宣传,高,content,True,fallback,operator_direct,operator_direct,operator_direct,False,clear,low,none,high,direct_fixable,provisional,高风险规则但运营直接处理,未发现明显字段冲突；可低优先级抽检。,D:\G-Vibe coding\广告合规审查智能体\知识图谱\jsonbase\保健食品\20260706_抖音【滋补保健行业宣传规范】实施细则_规则拆解_v1.json
medium,RUID-eae4484e2de226de,DY-HF-001,普通食品不得宣传减肥、壮阳等功效,虚假宣传,高,content,True,fallback,operator_direct,operator_direct,operator_direct,False,clear,low,none,high,direct_fixable,provisional,高风险规则但运营直接处理,未发现明显字段冲突；可低优先级抽检。,D:\G-Vibe coding\广告合规审查智能体\知识图谱\jsonbase\保健食品\20260706_抖音【滋补保健行业宣传规范】实施细则_规则拆解_v1.json
medium,RUID-eb5568dc49e51df9,DY-HF-002,禁止宣传丰胸功效,虚假宣传,高,content,False,fallback,operator_direct,operator_direct,operator_direct,False,clear,low,none,high,direct_fixable,provisional,高风险规则但运营直接处理,未发现明显字段冲突；可低优先级抽检。,D:\G-Vibe coding\广告合规审查智能体\知识图谱\jsonbase\保健食品\20260706_抖音【滋补保健行业宣传规范】实施细则_规则拆解_v1.json
medium,RUID-5d5be1924f931a81,DY-HF-002,禁止效果保证宣传-无法证实的科学或研究发现,虚假宣传,高,content,True,fallback,operator_supply_docs,operator_direct,operator_supply_docs,False,contextual,medium,light,medium,guided_fixable,provisional,legal_attention/routing不一致,legal_attention.default_route 与旧 routing.default_route 不一致。,D:\G-Vibe coding\广告合规审查智能体\知识图谱\jsonbase\保健食品\20260706_抖音【滋补保健行业宣传规范】实施细则_规则拆解_v1.json
medium,RUID-bc9d88303520c888,DY-HF-003,禁止宣传壮阳功效,虚假宣传,高,content,False,fallback,operator_direct,operator_direct,operator_direct,False,clear,low,none,high,direct_fixable,provisional,高风险规则但运营直接处理,未发现明显字段冲突；可低优先级抽检。,D:\G-Vibe coding\广告合规审查智能体\知识图谱\jsonbase\保健食品\20260706_抖音【滋补保健行业宣传规范】实施细则_规则拆解_v1.json
medium,RUID-3c268b6928ff21d7,DY-HF-003,禁止效果保证宣传-绝对化效果及安全承诺,绝对化用语,高,content,False,fallback,operator_direct,operator_direct,operator_direct,False,clear,low,none,medium,direct_fixable,provisional,高风险规则但运营直接处理,未发现明显字段冲突；可低优先级抽检。,D:\G-Vibe coding\广告合规审查智能体\知识图谱\jsonbase\保健食品\20260706_抖音【滋补保健行业宣传规范】实施细则_规则拆解_v1.json
medium,RUID-278023772cf0a00e,DY-HF-004,禁止效果保证宣传-夸大功能或扩大适宜人群,虚假宣传,高,content,True,fallback,operator_direct,operator_direct,operator_direct,False,clear,low,none,medium,direct_fixable,provisional,高风险规则但运营直接处理,未发现明显字段冲突；可低优先级抽检。,D:\G-Vibe coding\广告合规审查智能体\知识图谱\jsonbase\保健食品\20260706_抖音【滋补保健行业宣传规范】实施细则_规则拆解_v1.json
medium,RUID-4d96c3f20cdf4a4c,GAME-AD-001,游戏广告不得涉及疾病治疗功能或使用医疗用语,涉医疗宣传,高,content,True,fallback,operator_direct,operator_direct,operator_direct,False,clear,low,none,high,direct_fixable,provisional,高风险规则但运营直接处理,未发现明显字段冲突；可低优先级抽检。,D:\G-Vibe coding\广告合规审查智能体\知识图谱\jsonbase\游戏\20260705_中华人民共和国广告法（2021修正）_2021.04.29生效_20260615下载_规则拆解_v1.json
medium,RUID-e2baee08ba401b10,GAME-AD-001,农药、兽药、饲料和饲料添加剂广告不得含有表示功效、安全性的断言或者保证,虚假宣传,高,content,True,fallback,operator_direct,operator_direct,operator_direct,False,clear,low,none,high,direct_fixable,provisional,高风险规则但运营直接处理,未发现明显字段冲突；可低优先级抽检。,D:\G-Vibe coding\广告合规审查智能体\知识图谱\jsonbase\游戏\20260705_中华人民共和国广告法（2021修正）_2021.04.29生效_20260615下载_规则拆解_v1.json
medium,RUID-de5a0829d6917390,GAME-AD-001,禁止在大众传播媒介或公共场所发布烟草广告,其他,高,content,True,fallback,operator_direct,operator_direct,operator_direct,False,clear,low,none,high,direct_fixable,provisional,高风险规则但运营直接处理,未发现明显字段冲突；可低优先级抽检。,D:\G-Vibe coding\广告合规审查智能体\知识图谱\jsonbase\游戏\20260705_中华人民共和国广告法（2021修正）_2021.04.29生效_20260615下载_规则拆解_v1.json
medium,RUID-81ae06c258123510,GAME-AD-001,酒类广告不得诱导、怂恿饮酒或宣传无节制饮酒,其他,高,content,True,fallback,operator_direct,operator_direct,operator_direct,False,clear,low,none,medium,direct_fixable,provisional,高风险规则但运营直接处理,未发现明显字段冲突；可低优先级抽检。,D:\G-Vibe coding\广告合规审查智能体\知识图谱\jsonbase\游戏\20260705_中华人民共和国广告法（2021修正）_2021.04.29生效_20260615下载_规则拆解_v1.json
medium,RUID-283a7be5c1a9d37a,GAME-AD-001,教育、培训广告不得含有保证性承诺,虚假宣传,高,content,True,fallback,operator_direct,operator_direct,operator_direct,False,clear,low,none,medium,direct_fixable,provisional,高风险规则但运营直接处理,未发现明显字段冲突；可低优先级抽检。,D:\G-Vibe coding\广告合规审查智能体\知识图谱\jsonbase\游戏\20260705_中华人民共和国广告法（2021修正）_2021.04.29生效_20260615下载_规则拆解_v1.json
medium,RUID-f84a8a0611f0a322,GAME-AD-001,招商广告不得对未来效果、收益等作出保证性承诺,虚假宣传,高,content,True,fallback,operator_direct,operator_direct,operator_direct,False,clear,low,none,high,direct_fixable,provisional,高风险规则但运营直接处理,未发现明显字段冲突；可低优先级抽检。,D:\G-Vibe coding\广告合规审查智能体\知识图谱\jsonbase\游戏\20260705_中华人民共和国广告法（2021修正）_2021.04.29生效_20260615下载_规则拆解_v1.json
medium,RUID-0bb184d1ed7e014c,GAME-AD-001,广告中使用他人名义或形象需取得书面同意,广告代言不合规,高,content,True,fallback,operator_supply_docs,operator_supply_docs,operator_supply_docs,False,contextual,medium,heavy,high,not_self_fixable,provisional,content规则依赖重事实核验,未发现明显字段冲突；可低优先级抽检。,D:\G-Vibe coding\广告合规审查智能体\知识图谱\jsonbase\游戏\20260705_中华人民共和国广告法（2021修正）_2021.04.29生效_20260615下载_规则拆解_v1.json
medium,RUID-c08e33f9fb96f267,GAME-AD-001,户外广告设置禁止情形,其他,中,content,False,fallback,operator_supply_docs,operator_direct,operator_supply_docs,False,contextual,medium,light,medium,guided_fixable,provisional,legal_attention/routing不一致,legal_attention.default_route 与旧 routing.default_route 不一致。,D:\G-Vibe coding\广告合规审查智能体\知识图谱\jsonbase\游戏\20260705_中华人民共和国广告法（2021修正）_2021.04.29生效_20260615下载_规则拆解_v1.json
medium,RUID-e8abab502b7c26d5,GAME-AD-001,禁止在中小学校、幼儿园内或利用与中小学生、幼儿有关的物品发布广告,未成年人保护,高,content,True,fallback,operator_direct,operator_direct,operator_direct,False,clear,low,light,high,direct_fixable,provisional,高风险规则但运营直接处理,未发现明显字段冲突；可低优先级抽检。,D:\G-Vibe coding\广告合规审查智能体\知识图谱\jsonbase\游戏\20260705_中华人民共和国广告法（2021修正）_2021.04.29生效_20260615下载_规则拆解_v1.json
medium,RUID-4f1b9d757dc9177c,GAME-AD-001,学校、幼儿园不得安排未成年人参加商业性活动,未成年人保护,高,content,True,fallback,operator_direct,operator_direct,operator_direct,False,clear,low,none,high,direct_fixable,provisional,高风险规则但运营直接处理,未发现明显字段冲突；可低优先级抽检。,D:\G-Vibe coding\广告合规审查智能体\知识图谱\jsonbase\游戏\20260705_中华人民共和国未成年人保护法（2024修正）_2024.04.26生效_20260615下载_规则拆解_v1.json
medium,RUID-4dac2ea882f49cb2,GAME-AD-001,禁止制作、复制、发布、传播或持有涉及未成年人的淫秽色情内容,未成年人保护,高,content,True,fallback,operator_direct,operator_direct,operator_direct,False,clear,low,none,high,direct_fixable,provisional,高风险规则但运营直接处理,未发现明显字段冲突；可低优先级抽检。,D:\G-Vibe coding\广告合规审查智能体\知识图谱\jsonbase\游戏\20260705_中华人民共和国未成年人保护法（2024修正）_2024.04.26生效_20260615下载_规则拆解_v1.json
medium,RUID-87f9acdc104348ff,GAME-AD-001,禁止发布含有危害未成年人身心健康内容的广告,未成年人保护,高,content,True,fallback,legal_review_required,operator_direct,legal_review_required,False,open,high,light,high,not_self_fixable,provisional,legal_attention/routing不一致,legal_attention.default_route 与旧 routing.default_route 不一致。,D:\G-Vibe coding\广告合规审查智能体\知识图谱\jsonbase\游戏\20260705_中华人民共和国未成年人保护法（2024修正）_2024.04.26生效_20260615下载_规则拆解_v1.json
medium,RUID-6aaf675cf32e4e3d,GAME-AD-001,禁止向未成年人销售烟、酒、彩票及兑付奖金,未成年人保护,高,content,False,fallback,operator_direct,operator_direct,operator_direct,False,clear,low,none,high,direct_fixable,provisional,高风险规则但运营直接处理,未发现明显字段冲突；可低优先级抽检。,D:\G-Vibe coding\广告合规审查智能体\知识图谱\jsonbase\游戏\20260705_中华人民共和国未成年人保护法（2024修正）_2024.04.26生效_20260615下载_规则拆解_v1.json
medium,RUID-ebab4818abe63984,GAME-AD-001,禁止为未满十六周岁未成年人提供网络直播发布者账号注册服务,未成年人保护,高,content,True,fallback,operator_direct,operator_direct,operator_direct,False,clear,low,none,high,direct_fixable,provisional,高风险规则但运营直接处理,未发现明显字段冲突；可低优先级抽检。,D:\G-Vibe coding\广告合规审查智能体\知识图谱\jsonbase\游戏\20260705_中华人民共和国未成年人保护法（2024修正）_2024.04.26生效_20260615下载_规则拆解_v1.json
medium,RUID-cbb2ef034ec23434,GAME-AD-001,禁止以虚假系统提示欺骗误导用户点击浏览广告,虚假宣传,高,content,True,fallback,operator_direct,operator_direct,operator_direct,False,clear,low,none,medium,direct_fixable,provisional,高风险规则但运营直接处理,未发现明显字段冲突；可低优先级抽检。,D:\G-Vibe coding\广告合规审查智能体\知识图谱\jsonbase\游戏\20260705_互联网广告管理办法_2023.05.01生效_20260615下载_规则拆解_v1.json
medium,RUID-44c5caa2437d82d9,GAME-AD-001,广告主对互联网广告内容真实性负责,虚假宣传,高,content,True,fallback,legal_review_required,legal_review_required,legal_review_required,False,open,high,heavy,high,not_self_fixable,provisional,content规则依赖重事实核验,未发现明显字段冲突；可低优先级抽检。,D:\G-Vibe coding\广告合规审查智能体\知识图谱\jsonbase\游戏\20260705_互联网广告管理办法_2023.05.01生效_20260615下载_规则拆解_v1.json
medium,RUID-df203041f183ec14,GAME-AD-001,禁止利用党和国家形象标识及重大活动名义进行商业营销,其他,高,content,True,fallback,operator_direct,operator_direct,operator_direct,False,clear,low,none,high,direct_fixable,provisional,高风险规则但运营直接处理,未发现明显字段冲突；可低优先级抽检。,D:\G-Vibe coding\广告合规审查智能体\知识图谱\jsonbase\游戏\20260705_网络信息内容生态治理规定_2020.03.01生效_20260615下载_规则拆解_v1.json
medium,RUID-46a4da0ae9566fe9,GAME-AD-001,宣传内容需与推广产品相关,虚假宣传,中,content,True,fallback,operator_supply_docs,operator_direct,operator_supply_docs,False,contextual,medium,light,medium,guided_fixable,provisional,legal_attention/routing不一致,legal_attention.default_route 与旧 routing.default_route 不一致。,D:\G-Vibe coding\广告合规审查智能体\知识图谱\jsonbase\游戏\20260706_小红书《游戏行业投放规则》使用手册_规则拆解_v1.json
medium,RUID-fe324abb9130484c,GAME-AD-002,农药、兽药、饲料和饲料添加剂广告不得利用科研单位、学术机构、技术推广机构、行业协会或者专业人士、用户的名义或者形象作推荐、证明,广告代言不合规,高,content,True,fallback,operator_direct,operator_direct,operator_direct,False,clear,low,none,high,direct_fixable,provisional,高风险规则但运营直接处理,未发现明显字段冲突；可低优先级抽检。,D:\G-Vibe coding\广告合规审查智能体\知识图谱\jsonbase\游戏\20260705_中华人民共和国广告法（2021修正）_2021.04.29生效_20260615下载_规则拆解_v1.json
medium,RUID-fa71dc6aaa7dc3f9,GAME-AD-002,禁止向未成年人发送任何形式的烟草广告,未成年人保护,高,content,True,fallback,operator_direct,operator_direct,operator_direct,False,clear,low,none,high,direct_fixable,provisional,高风险规则但运营直接处理,未发现明显字段冲突；可低优先级抽检。,D:\G-Vibe coding\广告合规审查智能体\知识图谱\jsonbase\游戏\20260705_中华人民共和国广告法（2021修正）_2021.04.29生效_20260615下载_规则拆解_v1.json
medium,RUID-8e71edf5e0c45563,GAME-AD-002,酒类广告不得出现饮酒的动作,其他,高,content,True,fallback,operator_direct,operator_direct,operator_direct,False,clear,low,none,medium,direct_fixable,provisional,高风险规则但运营直接处理,未发现明显字段冲突；可低优先级抽检。,D:\G-Vibe coding\广告合规审查智能体\知识图谱\jsonbase\游戏\20260705_中华人民共和国广告法（2021修正）_2021.04.29生效_20260615下载_规则拆解_v1.json
medium,RUID-abf6d2b0ebba0104,GAME-AD-002,教育、培训广告不得明示或暗示有考试机构等参与,虚假宣传,高,content,True,fallback,operator_direct,operator_direct,operator_direct,False,clear,low,none,medium,direct_fixable,provisional,高风险规则但运营直接处理,未发现明显字段冲突；可低优先级抽检。,D:\G-Vibe coding\广告合规审查智能体\知识图谱\jsonbase\游戏\20260705_中华人民共和国广告法（2021修正）_2021.04.29生效_20260615下载_规则拆解_v1.json
medium,RUID-81d59a7fff4f0a21,GAME-AD-002,招商广告不得利用学术机构、行业协会、专业人士、受益者名义作推荐证明,虚假宣传,高,content,True,fallback,operator_supply_docs,operator_direct,operator_supply_docs,False,contextual,medium,light,high,guided_fixable,provisional,legal_attention/routing不一致,legal_attention.default_route 与旧 routing.default_route 不一致。,D:\G-Vibe coding\广告合规审查智能体\知识图谱\jsonbase\游戏\20260705_中华人民共和国广告法（2021修正）_2021.04.29生效_20260615下载_规则拆解_v1.json
medium,RUID-31c47669db6fa8b9,GAME-AD-002,禁止在学校、幼儿园播放、张贴或散发商业广告,未成年人保护,高,content,False,fallback,operator_supply_docs,operator_supply_docs,operator_supply_docs,False,contextual,low,heavy,high,not_self_fixable,provisional,content规则依赖重事实核验,未发现明显字段冲突；可低优先级抽检。,D:\G-Vibe coding\广告合规审查智能体\知识图谱\jsonbase\游戏\20260705_中华人民共和国未成年人保护法（2024修正）_2024.04.26生效_20260615下载_规则拆解_v1.json
medium,RUID-fbafdc0ec2ab90be,GAME-AD-002,为年满十六周岁未成年人提供网络直播发布者账号注册服务需身份认证并征得监护人同意,未成年人保护,高,content,True,fallback,operator_direct,operator_direct,operator_direct,False,clear,low,none,medium,direct_fixable,provisional,高风险规则但运营直接处理,未发现明显字段冲突；可低优先级抽检。,D:\G-Vibe coding\广告合规审查智能体\知识图谱\jsonbase\游戏\20260705_中华人民共和国未成年人保护法（2024修正）_2024.04.26生效_20260615下载_规则拆解_v1.json
medium,RUID-3128ad84f9229d96,GAME-AD-002,禁止以虚假播放开始暂停等标志欺骗误导用户点击浏览广告,虚假宣传,高,content,True,fallback,operator_direct,operator_direct,operator_direct,False,clear,low,none,medium,direct_fixable,provisional,高风险规则但运营直接处理,未发现明显字段冲突；可低优先级抽检。,D:\G-Vibe coding\广告合规审查智能体\知识图谱\jsonbase\游戏\20260705_互联网广告管理办法_2023.05.01生效_20260615下载_规则拆解_v1.json
medium,RUID-ae61287470aacd09,GAME-AD-003,农药、兽药、饲料和饲料添加剂广告不得说明有效率,虚假宣传,高,content,True,fallback,operator_direct,operator_direct,operator_direct,False,clear,low,none,high,direct_fixable,provisional,高风险规则但运营直接处理,未发现明显字段冲突；可低优先级抽检。,D:\G-Vibe coding\广告合规审查智能体\知识图谱\jsonbase\游戏\20260705_中华人民共和国广告法（2021修正）_2021.04.29生效_20260615下载_规则拆解_v1.json
medium,RUID-9f4a1ee225fbacdb,GAME-AD-003,酒类广告不得表现驾驶车、船、飞机等活动,其他,高,content,True,fallback,operator_direct,operator_direct,operator_direct,False,clear,low,none,medium,direct_fixable,provisional,高风险规则但运营直接处理,未发现明显字段冲突；可低优先级抽检。,D:\G-Vibe coding\广告合规审查智能体\知识图谱\jsonbase\游戏\20260705_中华人民共和国广告法（2021修正）_2021.04.29生效_20260615下载_规则拆解_v1.json
medium,RUID-32fd3325bec319e7,GAME-AD-003,教育、培训广告不得利用特定机构或个人名义作推荐证明,广告代言不合规,高,content,True,fallback,operator_direct,operator_direct,operator_direct,False,clear,low,none,medium,direct_fixable,provisional,高风险规则但运营直接处理,未发现明显字段冲突；可低优先级抽检。,D:\G-Vibe coding\广告合规审查智能体\知识图谱\jsonbase\游戏\20260705_中华人民共和国广告法（2021修正）_2021.04.29生效_20260615下载_规则拆解_v1.json
medium,RUID-562c1ad835adcb7a,GAME-AD-003,禁止利用不满十周岁的未成年人作为广告代言人,未成年人保护,高,content,True,fallback,operator_direct,operator_direct,operator_direct,False,clear,low,none,high,direct_fixable,provisional,高风险规则但运营直接处理,未发现明显字段冲突；可低优先级抽检。,D:\G-Vibe coding\广告合规审查智能体\知识图谱\jsonbase\游戏\20260705_中华人民共和国广告法（2021修正）_2021.04.29生效_20260615下载_规则拆解_v1.json
medium,RUID-430a1b69712f7e5e,GAME-AD-003,游戏广告不得宣传向未成年人提供夜间服务,未成年人保护,高,content,True,fallback,operator_direct,operator_direct,operator_direct,False,contextual,medium,none,high,guided_fixable,provisional,高风险规则但运营直接处理,未发现明显字段冲突；可低优先级抽检。,D:\G-Vibe coding\广告合规审查智能体\知识图谱\jsonbase\游戏\20260705_中华人民共和国未成年人保护法（2024修正）_2024.04.26生效_20260615下载_规则拆解_v1.json
medium,RUID-0bc96ff294567d86,GAME-AD-003,禁止以虚假奖励承诺欺骗误导用户点击浏览广告,虚假宣传,高,content,True,fallback,operator_supply_docs,operator_direct,operator_supply_docs,False,contextual,medium,light,high,guided_fixable,provisional,legal_attention/routing不一致,legal_attention.default_route 与旧 routing.default_route 不一致。,D:\G-Vibe coding\广告合规审查智能体\知识图谱\jsonbase\游戏\20260705_互联网广告管理办法_2023.05.01生效_20260615下载_规则拆解_v1.json
medium,RUID-34a31b6a7ab2d031,GAME-AD-004,农药、兽药、饲料和饲料添加剂广告不得含有违反安全使用规程的文字、语言或者画面,其他,高,content,True,fallback,legal_review_required,legal_review_required,legal_review_required,False,contextual,medium,heavy,high,not_self_fixable,provisional,content规则依赖重事实核验,未发现明显字段冲突；可低优先级抽检。,D:\G-Vibe coding\广告合规审查智能体\知识图谱\jsonbase\游戏\20260705_中华人民共和国广告法（2021修正）_2021.04.29生效_20260615下载_规则拆解_v1.json
medium,RUID-d584a6e6e3005d13,GAME-AD-004,禁止在烟草制品生产者或销售者启事中宣传烟草制品,其他,高,content,True,fallback,operator_direct,operator_direct,operator_direct,False,clear,low,none,high,direct_fixable,provisional,高风险规则但运营直接处理,未发现明显字段冲突；可低优先级抽检。,D:\G-Vibe coding\广告合规审查智能体\知识图谱\jsonbase\游戏\20260705_中华人民共和国广告法（2021修正）_2021.04.29生效_20260615下载_规则拆解_v1.json
medium,RUID-945c669f4f2e409a,GAME-AD-004,酒类广告不得明示或暗示饮酒有消除紧张和焦虑、增加体力等功效,虚假宣传,高,content,True,fallback,operator_direct,operator_direct,operator_direct,False,clear,low,none,high,direct_fixable,provisional,高风险规则但运营直接处理,未发现明显字段冲突；可低优先级抽检。,D:\G-Vibe coding\广告合规审查智能体\知识图谱\jsonbase\游戏\20260705_中华人民共和国广告法（2021修正）_2021.04.29生效_20260615下载_规则拆解_v1.json
medium,RUID-a17d0f51e982ff27,GAME-ADID-001,禁止以健康养生知识形式变相发布医疗药品医疗器械保健食品广告,虚假宣传,高,content,True,fallback,legal_review_required,operator_direct,legal_review_required,False,open,high,light,high,not_self_fixable,provisional,legal_attention/routing不一致,legal_attention.default_route 与旧 routing.default_route 不一致。,D:\G-Vibe coding\广告合规审查智能体\知识图谱\jsonbase\游戏\20260705_中华人民共和国广告法（2021修正）_2021.04.29生效_20260615下载_规则拆解_v1.json
medium,RUID-b8b5038ab6b75775,GAME-ADID-001,禁止以健康养生知识形式变相发布保健食品广告,虚假宣传,高,content,True,fallback,legal_review_required,operator_direct,legal_review_required,False,open,high,light,high,not_self_fixable,provisional,legal_attention/routing不一致,legal_attention.default_route 与旧 routing.default_route 不一致。,D:\G-Vibe coding\广告合规审查智能体\知识图谱\jsonbase\游戏\20260705_互联网广告管理办法_2023.05.01生效_20260615下载_规则拆解_v1.json
medium,RUID-93d50938bf28556e,GAME-ADID-001,互联网广告应具有可识别性，不得变相发布医疗、药品、医疗器械、保健食品、特殊医学用途配方食品广告,广告可识别性不足,高,content,True,fallback,legal_review_required,operator_direct,legal_review_required,False,open,high,light,high,not_self_fixable,provisional,legal_attention/routing不一致,legal_attention.default_route 与旧 routing.default_route 不一致。,D:\G-Vibe coding\广告合规审查智能体\知识图谱\jsonbase\游戏\20260705_互联网广告管理办法_2023.05.01生效_20260615下载_规则拆解_v1.json
medium,RUID-337fdb836b2712ae,GAME-ADID-002,健康养生知识页面不得同时出现保健食品经营者联系方式或购物链接,虚假宣传,高,content,True,fallback,operator_supply_docs,operator_direct,operator_supply_docs,False,contextual,medium,light,medium,guided_fixable,provisional,legal_attention/routing不一致,legal_attention.default_route 与旧 routing.default_route 不一致。,D:\G-Vibe coding\广告合规审查智能体\知识图谱\jsonbase\游戏\20260705_互联网广告管理办法_2023.05.01生效_20260615下载_规则拆解_v1.json
medium,RUID-6c0fa7a22a965e16,GAME-ADID-002,竞价排名商品或服务应显著标明'广告'，与自然搜索结果明显区分,广告可识别性不足,中,content,True,fallback,operator_supply_docs,operator_direct,operator_supply_docs,False,contextual,medium,light,medium,guided_fixable,provisional,legal_attention/routing不一致,legal_attention.default_route 与旧 routing.default_route 不一致。,D:\G-Vibe coding\广告合规审查智能体\知识图谱\jsonbase\游戏\20260705_互联网广告管理办法_2023.05.01生效_20260615下载_规则拆解_v1.json
medium,RUID-044f5746d4430f02,GAME-ADLOC-001,禁止在中小学校、幼儿园内开展广告活动,未成年人保护,高,content,True,fallback,operator_direct,operator_direct,operator_direct,False,clear,low,none,high,direct_fixable,provisional,高风险规则但运营直接处理,未发现明显字段冲突；可低优先级抽检。,D:\G-Vibe coding\广告合规审查智能体\知识图谱\jsonbase\游戏\20260705_中华人民共和国广告法（2021修正）_2021.04.29生效_20260615下载_规则拆解_v1.json
medium,RUID-1bf2bad28a9824d9,GAME-ADREVIEW-002,游戏广告内容不得剪辑拼接修改,其他,高,content,False,fallback,legal_review_required,legal_review_required,legal_review_required,False,contextual,medium,heavy,high,not_self_fixable,provisional,content规则依赖重事实核验,未发现明显字段冲突；可低优先级抽检。,D:\G-Vibe coding\广告合规审查智能体\知识图谱\jsonbase\游戏\20260705_互联网广告管理办法_2023.05.01生效_20260615下载_规则拆解_v1.json
medium,RUID-8c3736290884aeb7,GAME-ADV-001,广告代言人不得为其未使用过的商品或未接受过的服务作推荐、证明,广告代言不合规,高,content,True,fallback,operator_supply_docs,operator_direct,operator_supply_docs,False,contextual,medium,light,medium,guided_fixable,provisional,legal_attention/routing不一致,legal_attention.default_route 与旧 routing.default_route 不一致。,D:\G-Vibe coding\广告合规审查智能体\知识图谱\jsonbase\游戏\20260705_中华人民共和国广告法（2021修正）_2021.04.29生效_20260615下载_规则拆解_v1.json
medium,RUID-b0c92cce2582d347,GAME-ADV-001,广告代言人不得为其未使用过的商品或未接受过的服务作推荐、证明,广告代言不合规,高,content,True,fallback,legal_review_required,legal_review_required,legal_review_required,False,contextual,medium,heavy,high,not_self_fixable,provisional,content规则依赖重事实核验,未发现明显字段冲突；可低优先级抽检。,D:\G-Vibe coding\广告合规审查智能体\知识图谱\jsonbase\游戏\20260705_中华人民共和国广告法（2021修正）_2021.04.29生效_20260615下载_规则拆解_v1.json
medium,RUID-c91fd8d3d70bc247,GAME-ADV-002,不得利用不满十周岁的未成年人作为广告代言人,未成年人保护,高,content,True,fallback,operator_direct,operator_direct,operator_direct,False,clear,low,none,medium,direct_fixable,provisional,高风险规则但运营直接处理,未发现明显字段冲突；可低优先级抽检。,D:\G-Vibe coding\广告合规审查智能体\知识图谱\jsonbase\游戏\20260705_中华人民共和国广告法（2021修正）_2021.04.29生效_20260615下载_规则拆解_v1.json
medium,RUID-59cb40acd393c6ce,GAME-ADV-003,不得利用因虚假广告受行政处罚未满三年的自然人、法人或其他组织作为广告代言人,广告代言不合规,高,content,False,fallback,legal_review_required,legal_review_required,legal_review_required,False,contextual,medium,heavy,high,not_self_fixable,provisional,content规则依赖重事实核验,未发现明显字段冲突；可低优先级抽检。,D:\G-Vibe coding\广告合规审查智能体\知识图谱\jsonbase\游戏\20260705_中华人民共和国广告法（2021修正）_2021.04.29生效_20260615下载_规则拆解_v1.json
medium,RUID-a8c4374f2de3ec85,GAME-BILI-001,游戏广告不得出现未成年人相关元素,未成年人保护,高,content,True,fallback,operator_direct,operator_direct,operator_direct,False,clear,low,none,high,direct_fixable,provisional,高风险规则但运营直接处理,未发现明显字段冲突；可低优先级抽检。,D:\G-Vibe coding\广告合规审查智能体\知识图谱\jsonbase\游戏\20260705_B站广告推广平台审核规范（二）_规则拆解_v1.json
medium,RUID-2b778d93631c6f78,GAME-BILI-001,禁止校服相关内容,其他,高,content,False,fallback,operator_direct,operator_direct,operator_direct,False,clear,low,none,low,direct_fixable,provisional,高风险规则但运营直接处理,未发现明显字段冲突；可低优先级抽检。,D:\G-Vibe coding\广告合规审查智能体\知识图谱\jsonbase\游戏\20260706_B站广告推广平台审核规范_规则拆解_v1.json
medium,RUID-d26aece063e03d52,GAME-BILI-001,涉及B站官方误导需增强广告主信息,虚假宣传,中,content,True,fallback,operator_supply_docs,operator_direct,operator_supply_docs,False,contextual,medium,light,medium,guided_fixable,provisional,legal_attention/routing不一致,legal_attention.default_route 与旧 routing.default_route 不一致。,D:\G-Vibe coding\广告合规审查智能体\知识图谱\jsonbase\游戏\20260706_B站广告推广平台审核规范（二）_规则拆解_v1.json
medium,RUID-4a794e6aae28d19c,GAME-BILI-001,禁止表现儿童邪典类内容,未成年人保护,高,content,True,fallback,operator_supply_docs,operator_direct,operator_supply_docs,False,contextual,medium,light,high,guided_fixable,provisional,legal_attention/routing不一致,legal_attention.default_route 与旧 routing.default_route 不一致。,D:\G-Vibe coding\广告合规审查智能体\知识图谱\jsonbase\游戏\20260706_B站广告推广平台审核规范（二）_规则拆解_v1.json
medium,RUID-9ccd50d8671bcfe4,GAME-BILI-002,广告不得涉及封面党,其他,中,content,True,fallback,operator_supply_docs,operator_direct,operator_supply_docs,False,contextual,medium,light,medium,guided_fixable,provisional,legal_attention/routing不一致,legal_attention.default_route 与旧 routing.default_route 不一致。,D:\G-Vibe coding\广告合规审查智能体\知识图谱\jsonbase\游戏\20260706_B站广告推广平台审核规范_规则拆解_v1.json
medium,RUID-94fc1e79a6c5a7be,GAME-BILI-002,创意大字报文案位置限制,其他,中,content,True,fallback,operator_direct,legal_review_required,operator_direct,False,clear,low,none,low,direct_fixable,provisional,legal_attention/routing不一致,legal_attention.default_route 与旧 routing.default_route 不一致。,D:\G-Vibe coding\广告合规审查智能体\知识图谱\jsonbase\游戏\20260706_B站广告推广平台审核规范_规则拆解_v1.json
medium,RUID-bff744d15a7b060a,GAME-BILI-002,禁止同性相关内容,其他,高,content,False,fallback,operator_direct,operator_direct,operator_direct,False,clear,low,none,medium,direct_fixable,provisional,高风险规则但运营直接处理,未发现明显字段冲突；可低优先级抽检。,D:\G-Vibe coding\广告合规审查智能体\知识图谱\jsonbase\游戏\20260706_B站广告推广平台审核规范_规则拆解_v1.json
medium,RUID-aab092aa8071f6cb,GAME-BILI-002,涉及赠送/免费等活动需明示参与条件与门槛,虚假宣传,中,content,True,fallback,operator_supply_docs,operator_direct,operator_supply_docs,False,clear,low,light,medium,guided_fixable,provisional,legal_attention/routing不一致,legal_attention.default_route 与旧 routing.default_route 不一致。,D:\G-Vibe coding\广告合规审查智能体\知识图谱\jsonbase\游戏\20260706_B站广告推广平台审核规范（二）_规则拆解_v1.json
medium,RUID-c8af187cba6f2d06,GAME-BILI-003,游戏类广告不得使用真实军用枪械、装备及军用标识,其他,高,content,True,fallback,operator_direct,operator_direct,operator_direct,False,clear,low,none,medium,direct_fixable,provisional,高风险规则但运营直接处理,未发现明显字段冲突；可低优先级抽检。,D:\G-Vibe coding\广告合规审查智能体\知识图谱\jsonbase\游戏\20260705_B站广告推广平台审核规范_规则拆解_v1.json
medium,RUID-e990073bbb155ad2,GAME-BILI-003,游戏广告涉及赠送福利需提供奖励品真实有效证明,虚假宣传,中,content,True,fallback,operator_supply_docs,operator_supply_docs,operator_supply_docs,False,contextual,medium,heavy,medium,guided_fixable,provisional,content规则依赖重事实核验,未发现明显字段冲突；可低优先级抽检。,D:\G-Vibe coding\广告合规审查智能体\知识图谱\jsonbase\游戏\20260705_B站广告推广平台审核规范（二）_规则拆解_v1.json
medium,RUID-04d2c979c96557b1,GAME-BILI-003,inline视频广告基本规范-配乐及对话内容要求,其他,高,content,False,fallback,operator_direct,operator_direct,operator_direct,False,clear,low,none,medium,direct_fixable,provisional,高风险规则但运营直接处理,未发现明显字段冲突；可低优先级抽检。,D:\G-Vibe coding\广告合规审查智能体\知识图谱\jsonbase\游戏\20260706_B站广告推广平台审核规范（二）_规则拆解_v1.json
medium,RUID-0c1871c3d7b8e462,GAME-BILI-003,涉及用户不消费即可领取福利需二次核查奖励品真实性,虚假宣传,高,content,True,fallback,operator_supply_docs,operator_supply_docs,operator_supply_docs,False,contextual,medium,heavy,high,guided_fixable,provisional,content规则依赖重事实核验,未发现明显字段冲突；可低优先级抽检。,D:\G-Vibe coding\广告合规审查智能体\知识图谱\jsonbase\游戏\20260706_B站广告推广平台审核规范（二）_规则拆解_v1.json
medium,RUID-bf2932a3a0d7ba2b,GAME-BILI-004,游戏广告涉及数据引证需明示官方数据来源并提供承诺函,数据引用不规范,中,content,True,fallback,operator_supply_docs,operator_supply_docs,operator_supply_docs,False,contextual,medium,heavy,medium,guided_fixable,provisional,content规则依赖重事实核验,未发现明显字段冲突；可低优先级抽检。,D:\G-Vibe coding\广告合规审查智能体\知识图谱\jsonbase\游戏\20260705_B站广告推广平台审核规范（二）_规则拆解_v1.json
medium,RUID-c96e2a3dbc0b3a2e,GAME-BILI-004,广告不得违规使用艺人/人物,广告代言不合规,高,content,True,fallback,legal_review_required,legal_review_required,legal_review_required,False,contextual,medium,heavy,high,not_self_fixable,provisional,content规则依赖重事实核验,未发现明显字段冲突；可低优先级抽检。,D:\G-Vibe coding\广告合规审查智能体\知识图谱\jsonbase\游戏\20260706_B站广告推广平台审核规范_规则拆解_v1.json
medium,RUID-b446ef25c564a9be,GAME-BILI-004,禁止定位定向功能相关内容,其他,高,content,False,fallback,operator_direct,operator_direct,operator_direct,False,clear,low,none,medium,direct_fixable,provisional,高风险规则但运营直接处理,未发现明显字段冲突；可低优先级抽检。,D:\G-Vibe coding\广告合规审查智能体\知识图谱\jsonbase\游戏\20260706_B站广告推广平台审核规范_规则拆解_v1.json
medium,RUID-a1e8ade4521be817,GAME-BILI-005,涉及数据引证需明示官方数据来源并二次核查,数据引用不规范,高,content,True,fallback,operator_supply_docs,operator_supply_docs,operator_supply_docs,False,contextual,medium,heavy,high,guided_fixable,provisional,content规则依赖重事实核验,未发现明显字段冲突；可低优先级抽检。,D:\G-Vibe coding\广告合规审查智能体\知识图谱\jsonbase\游戏\20260706_B站广告推广平台审核规范（二）_规则拆解_v1.json
medium,RUID-d37c6d8a28a69dc7,GAME-CONT-001,游戏画面不得涉及色情画面,其他,高,content,True,fallback,operator_direct,operator_direct,operator_direct,False,contextual,medium,none,high,guided_fixable,provisional,高风险规则但运营直接处理,未发现明显字段冲突；可低优先级抽检。,D:\G-Vibe coding\广告合规审查智能体\知识图谱\jsonbase\游戏\20260706_小红书《游戏行业投放规则》使用手册_规则拆解_v1.json
medium,RUID-a0a49e5b5d57abd0,GAME-CONTENT-001,禁止宣扬淫秽色情内容,其他,高,content,True,fallback,operator_direct,operator_direct,operator_direct,False,clear,low,none,high,direct_fixable,provisional,高风险规则但运营直接处理,未发现明显字段冲突；可低优先级抽检。,D:\G-Vibe coding\广告合规审查智能体\知识图谱\jsonbase\游戏\20260705_关于印发《移动游戏内容规范（2016年版）》的通知音数协字【2016】第005号_规则拆解_v1.json
medium,RUID-d1ba681186bf1922,GAME-CONTENT-002,禁止含有赌博内容,概率造假,高,content,True,fallback,operator_direct,operator_direct,operator_direct,False,clear,low,none,high,direct_fixable,provisional,高风险规则但运营直接处理,未发现明显字段冲突；可低优先级抽检。,D:\G-Vibe coding\广告合规审查智能体\知识图谱\jsonbase\游戏\20260705_关于印发《移动游戏内容规范（2016年版）》的通知音数协字【2016】第005号_规则拆解_v1.json
medium,RUID-f84112a0736d4a38,GAME-CONTENT-003,禁止宣扬暴力、恐怖、残酷内容,其他,高,content,True,fallback,operator_direct,operator_direct,operator_direct,False,contextual,medium,none,high,direct_fixable,provisional,高风险规则但运营直接处理,未发现明显字段冲突；可低优先级抽检。,D:\G-Vibe coding\广告合规审查智能体\知识图谱\jsonbase\游戏\20260705_关于印发《移动游戏内容规范（2016年版）》的通知音数协字【2016】第005号_规则拆解_v1.json
medium,RUID-b72369e750940989,GAME-DATA-001,广告发布者提供的覆盖率、收视率、点击率、发行量等资料应当真实,数据引用不规范,中,content,False,fallback,operator_supply_docs,operator_direct,operator_supply_docs,False,clear,low,light,medium,guided_fixable,provisional,legal_attention/routing不一致,legal_attention.default_route 与旧 routing.default_route 不一致。,D:\G-Vibe coding\广告合规审查智能体\知识图谱\jsonbase\游戏\20260705_中华人民共和国广告法（2021修正）_2021.04.29生效_20260615下载_规则拆解_v1.json
medium,RUID-f443e44e592d3a93,GAME-FAKE-001,禁止流量造假、流量劫持及虚假注册交易账号,概率造假,高,content,True,fallback,operator_direct,operator_direct,operator_direct,False,clear,low,none,high,direct_fixable,provisional,高风险规则但运营直接处理,未发现明显字段冲突；可低优先级抽检。,D:\G-Vibe coding\广告合规审查智能体\知识图谱\jsonbase\游戏\20260705_网络信息内容生态治理规定_2020.03.01生效_20260615下载_规则拆解_v1.json
medium,RUID-f376e1be1e207021,GAME-FALSE-001,广告不得含有虚假或引人误解的内容,虚假宣传,高,content,True,fallback,legal_review_required,legal_review_required,legal_review_required,False,open,high,heavy,high,not_self_fixable,provisional,content规则依赖重事实核验,未发现明显字段冲突；可低优先级抽检。,D:\G-Vibe coding\广告合规审查智能体\知识图谱\jsonbase\游戏\20260705_中华人民共和国广告法（2021修正）_2021.04.29生效_20260615下载_规则拆解_v1.json
medium,RUID-c1646e657a3e7f4c,GAME-FALSE-001,禁止虚假广告（商品或服务不存在）,虚假宣传,高,content,True,fallback,legal_review_required,operator_supply_docs,legal_review_required,False,contextual,medium,heavy,high,not_self_fixable,provisional,legal_attention/routing不一致；content规则依赖重事实核验,legal_attention.default_route 与旧 routing.default_route 不一致。,D:\G-Vibe coding\广告合规审查智能体\知识图谱\jsonbase\游戏\20260705_中华人民共和国广告法（2021修正）_2021.04.29生效_20260615下载_规则拆解_v1.json
medium,RUID-13f473911fa48596,GAME-FALSE-001,禁止发布虚假广告,虚假宣传,高,content,True,fallback,legal_review_required,legal_review_required,legal_review_required,False,open,high,heavy,high,not_self_fixable,provisional,content规则依赖重事实核验,未发现明显字段冲突；可低优先级抽检。,D:\G-Vibe coding\广告合规审查智能体\知识图谱\jsonbase\游戏\20260705_中华人民共和国广告法（2021修正）_2021.04.29生效_20260615下载_规则拆解_v1.json
medium,RUID-05228e503bb54568,GAME-FALSE-001,虚假广告造成消费者损害需承担民事责任,虚假宣传,高,content,False,fallback,legal_review_required,legal_review_required,legal_review_required,False,open,high,heavy,high,not_self_fixable,provisional,content规则依赖重事实核验,未发现明显字段冲突；可低优先级抽检。,D:\G-Vibe coding\广告合规审查智能体\知识图谱\jsonbase\游戏\20260705_中华人民共和国广告法（2021修正）_2021.04.29生效_20260615下载_规则拆解_v1.json
medium,RUID-a3804876c20d768f,GAME-FALSE-002,禁止虚假广告（商品信息与实际情况不符且对购买行为有实质性影响）,虚假宣传,高,content,True,fallback,legal_review_required,operator_supply_docs,legal_review_required,False,open,high,heavy,high,not_self_fixable,provisional,legal_attention/routing不一致；content规则依赖重事实核验,legal_attention.default_route 与旧 routing.default_route 不一致。,D:\G-Vibe coding\广告合规审查智能体\知识图谱\jsonbase\游戏\20260705_中华人民共和国广告法（2021修正）_2021.04.29生效_20260615下载_规则拆解_v1.json
medium,RUID-922e8a32d47a9d25,GAME-FALSE-003,禁止虚假广告（使用虚构或无法验证的证明材料）,虚假宣传,高,content,True,fallback,legal_review_required,operator_supply_docs,legal_review_required,False,contextual,medium,heavy,high,not_self_fixable,provisional,legal_attention/routing不一致；content规则依赖重事实核验,legal_attention.default_route 与旧 routing.default_route 不一致。,D:\G-Vibe coding\广告合规审查智能体\知识图谱\jsonbase\游戏\20260705_中华人民共和国广告法（2021修正）_2021.04.29生效_20260615下载_规则拆解_v1.json
medium,RUID-fcb662545294a3a6,GAME-FALSE-004,禁止虚假广告（虚构使用效果）,虚假宣传,高,content,True,fallback,legal_review_required,operator_supply_docs,legal_review_required,False,open,high,heavy,high,not_self_fixable,provisional,legal_attention/routing不一致；content规则依赖重事实核验,legal_attention.default_route 与旧 routing.default_route 不一致。,D:\G-Vibe coding\广告合规审查智能体\知识图谱\jsonbase\游戏\20260705_中华人民共和国广告法（2021修正）_2021.04.29生效_20260615下载_规则拆解_v1.json
medium,RUID-25c4457f613caeb9,GAME-IP-001,广告素材涉及第三方合作需提供合作证明/授权,IP侵权,高,content,True,fallback,operator_supply_docs,operator_supply_docs,operator_supply_docs,False,contextual,medium,heavy,high,guided_fixable,provisional,content规则依赖重事实核验,未发现明显字段冲突；可低优先级抽检。,D:\G-Vibe coding\广告合规审查智能体\知识图谱\jsonbase\游戏\20260706_小红书聚光帮助中心-文档_规则拆解_v1.json
medium,RUID-5c1b488604c3bbd0,GAME-IP-002,游戏类广告创意不得抄袭其他游戏元素,IP侵权,高,content,True,fallback,legal_review_required,legal_review_required,legal_review_required,False,open,high,heavy,high,not_self_fixable,provisional,content规则依赖重事实核验,未发现明显字段冲突；可低优先级抽检。,D:\G-Vibe coding\广告合规审查智能体\知识图谱\jsonbase\游戏\20260706_B站广告推广平台审核规范_规则拆解_v1.json
medium,RUID-f30ed7aec04e8afa,GAME-IP-002,不得利用不满10周岁的未成年人作为广告代言人,未成年人保护,高,content,True,fallback,operator_direct,operator_direct,operator_direct,False,clear,low,light,medium,direct_fixable,provisional,高风险规则但运营直接处理,未发现明显字段冲突；可低优先级抽检。,D:\G-Vibe coding\广告合规审查智能体\知识图谱\jsonbase\游戏\20260706_小红书聚光帮助中心-文档_规则拆解_v1.json
medium,RUID-6987e43c04fc5dc5,GAME-LABEL-001,游戏类广告创意中必须显示游戏名称且与落地页一致,标签标识不规范,中,content,False,fallback,operator_supply_docs,operator_direct,operator_supply_docs,False,clear,low,light,low,guided_fixable,provisional,legal_attention/routing不一致,legal_attention.default_route 与旧 routing.default_route 不一致。,D:\G-Vibe coding\广告合规审查智能体\知识图谱\jsonbase\游戏\20260706_B站广告推广平台审核规范_规则拆解_v1.json
medium,RUID-2bea34dd82777eae,GAME-ML-001,不得向未成年人提供诱导沉迷的网络游戏产品和服务,未成年人保护,高,content,True,fallback,legal_review_required,operator_direct,legal_review_required,False,open,high,light,high,not_self_fixable,provisional,legal_attention/routing不一致,legal_attention.default_route 与旧 routing.default_route 不一致。,D:\G-Vibe coding\广告合规审查智能体\知识图谱\jsonbase\游戏\20260705_中华人民共和国未成年人保护法（2024修正）_2024.04.26生效_20260615下载_规则拆解_v1.json
medium,RUID-a0a3175230952dcd,GAME-MN-001,游戏场所及设备对未成年人的禁入/限入规定,未成年人保护,高,content,True,fallback,operator_direct,operator_direct,operator_direct,False,clear,low,none,medium,direct_fixable,provisional,高风险规则但运营直接处理,未发现明显字段冲突；可低优先级抽检。,D:\G-Vibe coding\广告合规审查智能体\知识图谱\jsonbase\游戏\20260705_中华人民共和国未成年人保护法（2024修正）_2024.04.26生效_20260615下载_规则拆解_v1.json
medium,RUID-d9b1702b27c275b6,GAME-MP-001,禁止表现未成年人早恋及不良行为,未成年人保护,高,content,True,fallback,operator_direct,operator_direct,operator_direct,False,clear,low,none,medium,direct_fixable,provisional,高风险规则但运营直接处理,未发现明显字段冲突；可低优先级抽检。,D:\G-Vibe coding\广告合规审查智能体\知识图谱\jsonbase\游戏\20260706_B站广告推广平台审核规范（二）_规则拆解_v1.json
medium,RUID-7bb3f201c1db1fd8,GAME-MP-001,网络游戏用户账号实名注册制度,平台准入/资质不符,高,content,True,fallback,operator_direct,operator_direct,operator_direct,False,clear,low,none,high,direct_fixable,provisional,高风险规则但运营直接处理,未发现明显字段冲突；可低优先级抽检。,D:\G-Vibe coding\广告合规审查智能体\知识图谱\jsonbase\游戏\20260706_国家新闻出版署关于防止未成年人沉迷网络游戏的通知_2019.11.01生效_20260615下载_规则拆解_v1.json
medium,RUID-c1efc611fdda35b0,GAME-MP-002,未成年人游戏时段时长限制,未成年人保护,高,content,True,fallback,operator_direct,operator_direct,operator_direct,False,clear,low,none,high,direct_fixable,provisional,高风险规则但运营直接处理,未发现明显字段冲突；可低优先级抽检。,D:\G-Vibe coding\广告合规审查智能体\知识图谱\jsonbase\游戏\20260706_国家新闻出版署关于防止未成年人沉迷网络游戏的通知_2019.11.01生效_20260615下载_规则拆解_v1.json
medium,RUID-04c04468c9b89961,GAME-MP-003,未成年人付费服务限制,未成年人保护,高,content,True,fallback,operator_direct,operator_direct,operator_direct,False,clear,low,none,high,direct_fixable,provisional,高风险规则但运营直接处理,未发现明显字段冲突；可低优先级抽检。,D:\G-Vibe coding\广告合规审查智能体\知识图谱\jsonbase\游戏\20260706_国家新闻出版署关于防止未成年人沉迷网络游戏的通知_2019.11.01生效_20260615下载_规则拆解_v1.json
medium,RUID-8d30c4bc2f92c451,GAME-OTH-001,特殊药品及戒毒治疗相关广告禁止规则,其他,高,content,True,fallback,operator_direct,operator_direct,operator_direct,False,clear,low,none,high,direct_fixable,provisional,高风险规则但运营直接处理,未发现明显字段冲突；可低优先级抽检。,D:\G-Vibe coding\广告合规审查智能体\知识图谱\jsonbase\游戏\20260705_中华人民共和国广告法（2021修正）_2021.04.29生效_20260615下载_规则拆解_v1.json
medium,RUID-1d5b9ba4d9b89503,GAME-OTH-001,禁止为法律行政法规禁止生产销售或禁止发布广告的商品服务设计制作代理发布广告,其他,高,content,True,fallback,legal_review_required,legal_review_required,legal_review_required,False,open,high,heavy,high,not_self_fixable,provisional,content规则依赖重事实核验,未发现明显字段冲突；可低优先级抽检。,D:\G-Vibe coding\广告合规审查智能体\知识图谱\jsonbase\游戏\20260705_中华人民共和国广告法（2021修正）_2021.04.29生效_20260615下载_规则拆解_v1.json
medium,RUID-724598440ad3ee63,GAME-OTH-001,禁止在针对未成年人的大众传播媒介上发布不利于未成年人身心健康的网络游戏广告,未成年人保护,高,content,True,fallback,legal_review_required,legal_review_required,legal_review_required,False,contextual,high,heavy,high,not_self_fixable,provisional,content规则依赖重事实核验,未发现明显字段冲突；可低优先级抽检。,D:\G-Vibe coding\广告合规审查智能体\知识图谱\jsonbase\游戏\20260705_中华人民共和国广告法（2021修正）_2021.04.29生效_20260615下载_规则拆解_v1.json
medium,RUID-838a8c63391b101f,GAME-OTH-001,禁止向未成年人提供管制刀具或可能致人严重伤害的器具,其他,高,content,True,fallback,operator_direct,operator_direct,operator_direct,False,clear,low,none,high,direct_fixable,provisional,高风险规则但运营直接处理,未发现明显字段冲突；可低优先级抽检。,D:\G-Vibe coding\广告合规审查智能体\知识图谱\jsonbase\游戏\20260705_中华人民共和国未成年人保护法（2024修正）_2024.04.26生效_20260615下载_规则拆解_v1.json
medium,RUID-0dc74011a536f7dd,GAME-OTH-001,禁止利用互联网发布烟草（含电子烟）广告,其他,高,content,True,fallback,operator_direct,operator_direct,operator_direct,False,clear,low,none,high,direct_fixable,provisional,高风险规则但运营直接处理,未发现明显字段冲突；可低优先级抽检。,D:\G-Vibe coding\广告合规审查智能体\知识图谱\jsonbase\游戏\20260705_互联网广告管理办法_2023.05.01生效_20260615下载_规则拆解_v1.json
medium,RUID-6baad48b642096d2,GAME-OTH-001,禁止使用夸张标题，内容与标题严重不符,其他,中,content,True,fallback,operator_supply_docs,operator_direct,operator_supply_docs,False,contextual,medium,light,medium,guided_fixable,provisional,legal_attention/routing不一致,legal_attention.default_route 与旧 routing.default_route 不一致。,D:\G-Vibe coding\广告合规审查智能体\知识图谱\jsonbase\游戏\20260705_网络信息内容生态治理规定_2020.03.01生效_20260615下载_规则拆解_v1.json
medium,RUID-ca0724ebfb96bce9,GAME-OTH-002,禁止利用互联网发布处方药广告,其他,高,content,True,fallback,operator_direct,operator_direct,operator_direct,False,clear,low,none,high,direct_fixable,provisional,高风险规则但运营直接处理,未发现明显字段冲突；可低优先级抽检。,D:\G-Vibe coding\广告合规审查智能体\知识图谱\jsonbase\游戏\20260705_互联网广告管理办法_2023.05.01生效_20260615下载_规则拆解_v1.json
medium,RUID-1bd24b363d2b8bea,GAME-OTH-002,禁止炒作绯闻、丑闻、劣迹等,其他,中,content,True,fallback,operator_supply_docs,operator_direct,operator_supply_docs,False,contextual,medium,light,medium,guided_fixable,provisional,legal_attention/routing不一致,legal_attention.default_route 与旧 routing.default_route 不一致。,D:\G-Vibe coding\广告合规审查智能体\知识图谱\jsonbase\游戏\20260705_网络信息内容生态治理规定_2020.03.01生效_20260615下载_规则拆解_v1.json
medium,RUID-a84471acc8e7063d,GAME-OTHER-001,广告不得贬低其他生产经营者的商品或者服务,其他,中,content,True,fallback,operator_supply_docs,operator_direct,operator_supply_docs,False,contextual,medium,light,medium,guided_fixable,provisional,legal_attention/routing不一致,legal_attention.default_route 与旧 routing.default_route 不一致。,D:\G-Vibe coding\广告合规审查智能体\知识图谱\jsonbase\游戏\20260705_中华人民共和国广告法（2021修正）_2021.04.29生效_20260615下载_规则拆解_v1.json
medium,RUID-650a2d195cdf6724,GAME-OTHER-001,游戏类广告不得使用真实军用枪械装备及军用标识,其他,高,content,True,fallback,operator_supply_docs,operator_direct,operator_supply_docs,False,contextual,medium,light,medium,guided_fixable,provisional,legal_attention/routing不一致,legal_attention.default_route 与旧 routing.default_route 不一致。,D:\G-Vibe coding\广告合规审查智能体\知识图谱\jsonbase\游戏\20260706_B站广告推广平台审核规范_规则拆解_v1.json
medium,RUID-98e77b57a7749728,GAME-OTHER-002,广告中不得假冒他人专利,虚假宣传,高,content,True,fallback,operator_supply_docs,operator_direct,operator_supply_docs,False,clear,low,light,medium,guided_fixable,provisional,legal_attention/routing不一致,legal_attention.default_route 与旧 routing.default_route 不一致。,D:\G-Vibe coding\广告合规审查智能体\知识图谱\jsonbase\游戏\20260705_中华人民共和国广告法（2021修正）_2021.04.29生效_20260615下载_规则拆解_v1.json
medium,RUID-11072b7051c09786,GAME-OTHER-003,广告中不得贬低其他生产经营者的商品或服务,虚假宣传,中,content,True,fallback,operator_supply_docs,operator_direct,operator_supply_docs,False,contextual,medium,light,medium,guided_fixable,provisional,legal_attention/routing不一致,legal_attention.default_route 与旧 routing.default_route 不一致。,D:\G-Vibe coding\广告合规审查智能体\知识图谱\jsonbase\游戏\20260705_中华人民共和国广告法（2021修正）_2021.04.29生效_20260615下载_规则拆解_v1.json
medium,RUID-46d9c6e9b306dbb7,GAME-PAT-002,未取得专利权的，不得在广告中谎称取得专利权,虚假宣传,高,content,True,fallback,legal_review_required,legal_review_required,legal_review_required,False,clear,low,heavy,high,not_self_fixable,provisional,content规则依赖重事实核验,未发现明显字段冲突；可低优先级抽检。,D:\G-Vibe coding\广告合规审查智能体\知识图谱\jsonbase\游戏\20260705_中华人民共和国广告法（2021修正）_2021.04.29生效_20260615下载_规则拆解_v1.json
medium,RUID-4e15cdfcaeb4af48,GAME-PAT-003,禁止使用未授予专利权的专利申请和已经终止、撤销、无效的专利作广告,虚假宣传,高,content,True,fallback,legal_review_required,legal_review_required,legal_review_required,False,contextual,medium,heavy,high,not_self_fixable,provisional,content规则依赖重事实核验,未发现明显字段冲突；可低优先级抽检。,D:\G-Vibe coding\广告合规审查智能体\知识图谱\jsonbase\游戏\20260705_中华人民共和国广告法（2021修正）_2021.04.29生效_20260615下载_规则拆解_v1.json
medium,RUID-e3588a6dbe726282,GAME-PAY-001,未成年人付费服务限制,未成年人保护,高,content,True,fallback,operator_direct,operator_direct,operator_direct,False,clear,low,none,medium,direct_fixable,provisional,高风险规则但运营直接处理,未发现明显字段冲突；可低优先级抽检。,D:\G-Vibe coding\广告合规审查智能体\知识图谱\jsonbase\游戏\20260705_国家新闻出版署关于防止未成年人沉迷网络游戏的通知_2019.11.01生效_20260615下载_规则拆解_v1.json
medium,RUID-d6e5ebfd1c7b29cf,GAME-PLAT-001,成分/材质宣传需提供证明材料,虚假宣传,中,content,True,fallback,operator_supply_docs,operator_supply_docs,operator_supply_docs,False,contextual,medium,heavy,medium,guided_fixable,provisional,content规则依赖重事实核验,未发现明显字段冲突；可低优先级抽检。,D:\G-Vibe coding\广告合规审查智能体\知识图谱\jsonbase\游戏\20260706_小红书聚光帮助中心-文档_规则拆解_v1.json
medium,RUID-708a1b23c613d084,GAME-PLAT-001,广告中宣称人员具有院校背景需提供证明材料及任职证明,虚假宣传,中,content,True,fallback,operator_supply_docs,operator_supply_docs,operator_supply_docs,False,contextual,medium,heavy,medium,guided_fixable,provisional,content规则依赖重事实核验,未发现明显字段冲突；可低优先级抽检。,D:\G-Vibe coding\广告合规审查智能体\知识图谱\jsonbase\游戏\20260706_小红书聚光帮助中心-文档_规则拆解_v1.json
medium,RUID-b665a5a81c9c5d92,GAME-PLAT-001,游戏广告涉及医疗保健功效需完成行业认证,平台准入/资质不符,高,content,True,fallback,legal_review_required,operator_direct,legal_review_required,False,contextual,medium,heavy,high,not_self_fixable,provisional,legal_attention/routing不一致；content规则依赖重事实核验,legal_attention.default_route 与旧 routing.default_route 不一致。,D:\G-Vibe coding\广告合规审查智能体\知识图谱\jsonbase\游戏\20260706_小红书聚光帮助中心-文档_规则拆解_v1.json
medium,RUID-d8d788b3f89daab3,GAME-PROT-001,针对未成年人的大众传播媒介上不得发布不利于未成年人身心健康的网络游戏广告,未成年人保护,高,content,True,fallback,legal_review_required,legal_review_required,legal_review_required,False,contextual,high,heavy,high,not_self_fixable,provisional,content规则依赖重事实核验,未发现明显字段冲突；可低优先级抽检。,D:\G-Vibe coding\广告合规审查智能体\知识图谱\jsonbase\游戏\20260705_中华人民共和国广告法（2021修正）_2021.04.29生效_20260615下载_规则拆解_v1.json
medium,RUID-c5808d29f88b5958,GAME-PROT-001,禁止宣传不利于未成年人身心健康的游戏,未成年人保护,高,content,True,fallback,legal_review_required,legal_review_required,legal_review_required,False,open,high,heavy,high,not_self_fixable,provisional,content规则依赖重事实核验,未发现明显字段冲突；可低优先级抽检。,D:\G-Vibe coding\广告合规审查智能体\知识图谱\jsonbase\游戏\20260706_B站广告推广平台审核规范（二）_规则拆解_v1.json
medium,RUID-9523377dbc2e395f,GAME-PROT-002,移动游戏不得含有宣扬吸毒贩毒诱发未成年人模仿的内容,未成年人保护,高,content,True,fallback,operator_direct,operator_direct,operator_direct,False,clear,low,none,high,direct_fixable,provisional,高风险规则但运营直接处理,未发现明显字段冲突；可低优先级抽检。,D:\G-Vibe coding\广告合规审查智能体\知识图谱\jsonbase\游戏\20260705_关于印发《移动游戏内容规范（2016年版）》的通知音数协字【2016】第005号_规则拆解_v1.json
medium,RUID-cafa3f4b27d5f03d,GAME-PROT-003,针对不满十四周岁未成年人的商品或服务广告不得含有可能引发其模仿不安全行为的内容,未成年人保护,高,content,True,fallback,legal_review_required,legal_review_required,legal_review_required,False,contextual,high,heavy,high,not_self_fixable,provisional,content规则依赖重事实核验,未发现明显字段冲突；可低优先级抽检。,D:\G-Vibe coding\广告合规审查智能体\知识图谱\jsonbase\游戏\20260705_中华人民共和国广告法（2021修正）_2021.04.29生效_20260615下载_规则拆解_v1.json
medium,RUID-b0582382434a6009,GAME-PROT-003,移动游戏不得含有其他危害未成年人身心健康的内容,未成年人保护,高,content,True,fallback,operator_supply_docs,operator_direct,operator_supply_docs,False,contextual,medium,light,high,guided_fixable,provisional,legal_attention/routing不一致,legal_attention.default_route 与旧 routing.default_route 不一致。,D:\G-Vibe coding\广告合规审查智能体\知识图谱\jsonbase\游戏\20260705_关于印发《移动游戏内容规范（2016年版）》的通知音数协字【2016】第005号_规则拆解_v1.json
medium,RUID-f49bb059d259adeb,GAME-PROTECT-001,禁止发布含有危害未成年人身心健康内容的广告,未成年人保护,高,content,True,fallback,operator_direct,operator_direct,operator_direct,False,clear,low,none,high,direct_fixable,provisional,高风险规则但运营直接处理,未发现明显字段冲突；可低优先级抽检。,D:\G-Vibe coding\广告合规审查智能体\知识图谱\jsonbase\游戏\20260705_中华人民共和国未成年人保护法（2024修正）_2024.04.26生效_20260615下载_规则拆解_v1.json
medium,RUID-c8ba974830e0c03a,GAME-PRV-001,处理不满十四周岁未成年人个人信息需征得监护人同意,未成年人保护,高,content,True,fallback,operator_supply_docs,operator_direct,operator_supply_docs,False,contextual,medium,light,high,guided_fixable,provisional,legal_attention/routing不一致,legal_attention.default_route 与旧 routing.default_route 不一致。,D:\G-Vibe coding\广告合规审查智能体\知识图谱\jsonbase\游戏\20260705_中华人民共和国未成年人保护法（2024修正）_2024.04.26生效_20260615下载_规则拆解_v1.json
medium,RUID-2b2947f368984e5b,GAME-RISK-001,高风险内容（含游戏）严禁出现任何未成年人相关元素,未成年人保护,高,content,True,fallback,operator_direct,operator_direct,operator_direct,False,clear,low,none,high,direct_fixable,provisional,高风险规则但运营直接处理,未发现明显字段冲突；可低优先级抽检。,D:\G-Vibe coding\广告合规审查智能体\知识图谱\jsonbase\游戏\20260706_B站广告推广平台审核规范（二）_规则拆解_v1.json
medium,RUID-051265a35d3f5ac7,GAME-SEX-001,禁止性暗示及淫秽内容,其他,高,content,True,fallback,operator_direct,operator_direct,operator_direct,False,clear,low,none,high,direct_fixable,provisional,高风险规则但运营直接处理,未发现明显字段冲突；可低优先级抽检。,D:\G-Vibe coding\广告合规审查智能体\知识图谱\jsonbase\游戏\20260706_B站广告推广平台审核规范_规则拆解_v1.json
medium,RUID-d03431f14ff0c5f2,GAME-SOC-001,禁止渲染帮会、黑社会组织仪式,其他,高,content,True,fallback,operator_direct,operator_direct,operator_direct,False,contextual,medium,none,medium,guided_fixable,provisional,高风险规则但运营直接处理,未发现明显字段冲突；可低优先级抽检。,D:\G-Vibe coding\广告合规审查智能体\知识图谱\jsonbase\游戏\20260706_B站广告推广平台审核规范（二）_规则拆解_v1.json
medium,RUID-28e7a7d2d25ae606,GAME-SPEC-001,游戏游艺设备须符合国家或行业标准且不得危害未成年人安全健康,未成年人保护,高,content,True,fallback,operator_supply_docs,operator_direct,operator_supply_docs,False,contextual,medium,light,high,guided_fixable,provisional,legal_attention/routing不一致,legal_attention.default_route 与旧 routing.default_route 不一致。,D:\G-Vibe coding\广告合规审查智能体\知识图谱\jsonbase\游戏\20260705_中华人民共和国未成年人保护法（2024修正）_2024.04.26生效_20260615下载_规则拆解_v1.json
medium,RUID-b26a1ea6f5e937a6,GAME-TIME-001,未成年人游戏时段和时长限制,未成年人保护,高,content,True,fallback,operator_direct,operator_direct,operator_direct,False,clear,low,none,medium,direct_fixable,provisional,高风险规则但运营直接处理,未发现明显字段冲突；可低优先级抽检。,D:\G-Vibe coding\广告合规审查智能体\知识图谱\jsonbase\游戏\20260705_国家新闻出版署关于防止未成年人沉迷网络游戏的通知_2019.11.01生效_20260615下载_规则拆解_v1.json
medium,RUID-4aa3a16e997a9d41,GAME-URL-001,广告落地页需与推广内容一致且信息真实,虚假宣传,高,content,True,fallback,legal_review_required,legal_review_required,legal_review_required,False,contextual,medium,heavy,high,not_self_fixable,provisional,content规则依赖重事实核验,未发现明显字段冲突；可低优先级抽检。,D:\G-Vibe coding\广告合规审查智能体\知识图谱\jsonbase\游戏\20260706_B站广告推广平台审核规范_规则拆解_v1.json
medium,RUID-7c25254bccd48252,GAME-USER-001,网络游戏用户账号实名注册制度,平台准入/资质不符,高,content,True,fallback,operator_direct,operator_direct,operator_direct,False,clear,low,none,medium,direct_fixable,provisional,高风险规则但运营直接处理,未发现明显字段冲突；可低优先级抽检。,D:\G-Vibe coding\广告合规审查智能体\知识图谱\jsonbase\游戏\20260705_国家新闻出版署关于防止未成年人沉迷网络游戏的通知_2019.11.01生效_20260615下载_规则拆解_v1.json
medium,RUID-04dc95ac17b4d8b0,GAME-XHS-001,珠宝玉石鉴定证书材质一致性规则,虚假宣传,中,content,True,fallback,operator_supply_docs,operator_supply_docs,operator_supply_docs,False,contextual,medium,heavy,medium,not_self_fixable,provisional,content规则依赖重事实核验,未发现明显字段冲突；可低优先级抽检。,D:\G-Vibe coding\广告合规审查智能体\知识图谱\jsonbase\游戏\20260706_小红书聚光帮助中心-文档_规则拆解_v1.json
medium,RUID-50e1960c3642e5b5,GAME-未成年人保护-001,禁止在未成年人互联网媒介上发布不利于未成年人身心健康的网络游戏广告,未成年人保护,高,content,True,fallback,legal_review_required,legal_review_required,legal_review_required,False,open,high,heavy,high,not_self_fixable,provisional,content规则依赖重事实核验,未发现明显字段冲突；可低优先级抽检。,D:\G-Vibe coding\广告合规审查智能体\知识图谱\jsonbase\游戏\20260705_互联网广告管理办法_2023.05.01生效_20260615下载_规则拆解_v1.json
medium,RUID-b60852699e8ddd70,GEN-ABS-001,广告不得使用绝对化用语等红线内容,绝对化用语,高,content,False,fallback,operator_direct,operator_direct,operator_direct,False,clear,low,none,high,direct_fixable,provisional,高风险规则但运营直接处理,未发现明显字段冲突；可低优先级抽检。,D:\G-Vibe coding\广告合规审查智能体\知识图谱\jsonbase\20260623_中华人民共和国广告法_通用规则_v1.json
medium,RUID-83cc700ddeecd288,GEN-CLEAR-001,商品服务信息表示应准确清楚明白,价格促销误导,中,content,True,fallback,operator_supply_docs,operator_supply_docs,operator_supply_docs,False,contextual,medium,heavy,medium,guided_fixable,human_confirmed,content规则依赖重事实核验,未发现明显字段冲突；可低优先级抽检。,D:\G-Vibe coding\广告合规审查智能体\知识图谱\jsonbase\20260623_中华人民共和国广告法_通用规则_v1.json
medium,RUID-56eb9dfe9ffbe1a8,GEN-EDU-001,教育、培训广告不得含有对升学、通过考试等效果的保证性承诺,虚假宣传,高,content,True,fallback,operator_direct,operator_direct,operator_direct,False,clear,low,none,medium,direct_fixable,provisional,高风险规则但运营直接处理,未发现明显字段冲突；可低优先级抽检。,D:\G-Vibe coding\广告合规审查智能体\知识图谱\jsonbase\美妆\20260705_中华人民共和国广告法（2021修正）_2021.04.29生效_20260615下载_规则拆解_v1.json
medium,RUID-7fcdd8eeabb20892,GEN-EDU-002,教育、培训广告不得明示或暗示有考试机构或命题人员参与,虚假宣传,高,content,True,fallback,operator_supply_docs,operator_direct,operator_supply_docs,False,contextual,medium,light,high,guided_fixable,provisional,legal_attention/routing不一致,legal_attention.default_route 与旧 routing.default_route 不一致。,D:\G-Vibe coding\广告合规审查智能体\知识图谱\jsonbase\美妆\20260705_中华人民共和国广告法（2021修正）_2021.04.29生效_20260615下载_规则拆解_v1.json
medium,RUID-8c62d78f59c1cfaa,GEN-EDU-003,教育、培训广告不得利用科研单位、学术机构等名义或形象作推荐、证明,虚假宣传,高,content,True,fallback,operator_direct,operator_direct,operator_direct,False,clear,low,none,high,direct_fixable,provisional,高风险规则但运营直接处理,未发现明显字段冲突；可低优先级抽检。,D:\G-Vibe coding\广告合规审查智能体\知识图谱\jsonbase\美妆\20260705_中华人民共和国广告法（2021修正）_2021.04.29生效_20260615下载_规则拆解_v1.json
medium,RUID-d17e2e8d7db24657,GEN-ENDORSE-001,广告代言应真实并符合限制,广告代言不合规,中,content,True,fallback,legal_review_required,legal_review_required,legal_review_required,False,contextual,high,heavy,high,not_self_fixable,provisional,content规则依赖重事实核验,未发现明显字段冲突；可低优先级抽检。,D:\G-Vibe coding\广告合规审查智能体\知识图谱\jsonbase\20260623_中华人民共和国广告法_通用规则_v1.json
medium,RUID-d958618a8503a8de,GEN-FALSE-001,广告不得作虚假或引人误解宣传,虚假宣传,高,content,True,fallback,legal_review_required,legal_review_required,legal_review_required,False,open,high,heavy,high,not_self_fixable,provisional,content规则依赖重事实核验,未发现明显字段冲突；可低优先级抽检。,D:\G-Vibe coding\广告合规审查智能体\知识图谱\jsonbase\20260623_中华人民共和国广告法_通用规则_v1.json
medium,RUID-138dc488ef82aa23,GEN-OTH-001,酒类广告不得诱导、怂恿饮酒或宣传无节制饮酒,其他,高,content,True,fallback,operator_direct,operator_direct,operator_direct,False,clear,low,none,medium,direct_fixable,provisional,高风险规则但运营直接处理,未发现明显字段冲突；可低优先级抽检。,D:\G-Vibe coding\广告合规审查智能体\知识图谱\jsonbase\美妆\20260705_中华人民共和国广告法（2021修正）_2021.04.29生效_20260615下载_规则拆解_v1.json
medium,RUID-62375abbfe82a164,GEN-OTH-002,酒类广告不得出现饮酒的动作,其他,高,content,True,fallback,operator_direct,operator_direct,operator_direct,False,clear,low,none,medium,direct_fixable,provisional,高风险规则但运营直接处理,未发现明显字段冲突；可低优先级抽检。,D:\G-Vibe coding\广告合规审查智能体\知识图谱\jsonbase\美妆\20260705_中华人民共和国广告法（2021修正）_2021.04.29生效_20260615下载_规则拆解_v1.json
medium,RUID-09a809fecb03c791,GEN-OTH-003,酒类广告不得表现驾驶车、船、飞机等活动,其他,高,content,True,fallback,operator_direct,operator_direct,operator_direct,False,clear,low,none,medium,direct_fixable,provisional,高风险规则但运营直接处理,未发现明显字段冲突；可低优先级抽检。,D:\G-Vibe coding\广告合规审查智能体\知识图谱\jsonbase\美妆\20260705_中华人民共和国广告法（2021修正）_2021.04.29生效_20260615下载_规则拆解_v1.json
medium,RUID-8401b6d95e3faea5,GEN-OTH-004,酒类广告不得明示或暗示饮酒有消除紧张和焦虑、增加体力等功效,虚假宣传,高,content,True,fallback,operator_direct,operator_direct,operator_direct,False,clear,low,none,medium,direct_fixable,provisional,高风险规则但运营直接处理,未发现明显字段冲突；可低优先级抽检。,D:\G-Vibe coding\广告合规审查智能体\知识图谱\jsonbase\美妆\20260705_中华人民共和国广告法（2021修正）_2021.04.29生效_20260615下载_规则拆解_v1.json
medium,RUID-8dda514382cdea98,GEN-POPUP-001,互联网弹窗广告应一键关闭,其他,中,content,False,fallback,operator_supply_docs,operator_supply_docs,operator_supply_docs,False,clear,low,heavy,medium,guided_fixable,provisional,content规则依赖重事实核验,未发现明显字段冲突；可低优先级抽检。,D:\G-Vibe coding\广告合规审查智能体\知识图谱\jsonbase\20260623_中华人民共和国广告法_通用规则_v1.json
medium,RUID-4d7b4ffb626c816b,HF-001,保健食品广告不得含有功效、安全性的断言或保证,虚假宣传,高,content,True,fallback,operator_direct,operator_direct,operator_direct,False,clear,low,none,high,direct_fixable,provisional,高风险规则但运营直接处理,未发现明显字段冲突；可低优先级抽检。,D:\G-Vibe coding\广告合规审查智能体\知识图谱\jsonbase\保健食品\20260705_中华人民共和国广告法（2021修正）_2021.04.29生效_20260615下载_规则拆解_v1.json
medium,RUID-82d3fccf06c0518e,HF-001,保健食品广告内容不得超出注册/备案凭证及说明书范围,功效宣称,高,content,True,fallback,legal_review_required,legal_review_required,legal_review_required,False,contextual,medium,heavy,high,not_self_fixable,provisional,content规则依赖重事实核验,未发现明显字段冲突；可低优先级抽检。,D:\G-Vibe coding\广告合规审查智能体\知识图谱\jsonbase\保健食品\20260705_药品、医疗器械、保健食品、特殊医学用途配方食品广告审查管理暂行办法_2020.03.01生效_20260617下载_规则拆解_v1.json
medium,RUID-d65bef32d08d3476,HF-001-001,禁止保健食品广告涉及疾病治疗功能或使用医疗用语,涉医疗宣传,高,content,True,fallback,operator_direct,operator_direct,operator_direct,False,clear,low,none,high,direct_fixable,provisional,高风险规则但运营直接处理,未发现明显字段冲突；可低优先级抽检。,D:\G-Vibe coding\广告合规审查智能体\知识图谱\jsonbase\保健食品\20260705_中华人民共和国广告法（2021修正）_2021.04.29生效_20260615下载_规则拆解_v1.json
medium,RUID-c3511b0e7c2dc985,HF-001-001,保健食品标签说明书不得涉及疾病预防治疗功能,涉医疗宣传,高,content,True,fallback,operator_direct,operator_direct,operator_direct,False,clear,low,none,high,direct_fixable,provisional,高风险规则但运营直接处理,未发现明显字段冲突；可低优先级抽检。,D:\G-Vibe coding\广告合规审查智能体\知识图谱\jsonbase\保健食品\20260705_保健食品注册与备案管理办法（2020修订）_2020.10.23生效_20260617下载_规则拆解_v1.json
medium,RUID-3282b7e7f6fc4f3e,HF-001-001,保健食品广告不得含有表示功效、安全性的断言或者保证,功效宣称,高,content,True,fallback,operator_direct,operator_direct,operator_direct,False,clear,low,none,high,direct_fixable,provisional,高风险规则但运营直接处理,未发现明显字段冲突；可低优先级抽检。,D:\G-Vibe coding\广告合规审查智能体\知识图谱\jsonbase\游戏\20260705_中华人民共和国广告法（2021修正）_2021.04.29生效_20260615下载_规则拆解_v1.json
medium,RUID-1ebe8054ee853f3a,HF-001-002,保健食品标签说明书须声明'本品不能代替药物',警示语缺失,高,content,True,fallback,operator_direct,operator_direct,operator_direct,False,clear,low,none,medium,direct_fixable,provisional,高风险规则但运营直接处理,未发现明显字段冲突；可低优先级抽检。,D:\G-Vibe coding\广告合规审查智能体\知识图谱\jsonbase\保健食品\20260705_保健食品注册与备案管理办法（2020修订）_2020.10.23生效_20260617下载_规则拆解_v1.json
medium,RUID-165591db82effab3,HF-001-002,保健食品广告不得涉及疾病预防、治疗功能,涉医疗宣传,高,content,True,fallback,operator_direct,operator_direct,operator_direct,False,clear,low,none,high,direct_fixable,provisional,高风险规则但运营直接处理,未发现明显字段冲突；可低优先级抽检。,D:\G-Vibe coding\广告合规审查智能体\知识图谱\jsonbase\游戏\20260705_中华人民共和国广告法（2021修正）_2021.04.29生效_20260615下载_规则拆解_v1.json
medium,RUID-5265f252e171fb12,HF-001-003,保健食品广告不得声称或暗示为保障健康所必需,虚假宣传,高,content,True,fallback,operator_direct,operator_direct,operator_direct,False,clear,low,none,medium,direct_fixable,provisional,高风险规则但运营直接处理,未发现明显字段冲突；可低优先级抽检。,D:\G-Vibe coding\广告合规审查智能体\知识图谱\jsonbase\游戏\20260705_中华人民共和国广告法（2021修正）_2021.04.29生效_20260615下载_规则拆解_v1.json
medium,RUID-354bf29f565043fa,HF-001-004,保健食品广告不得与药品、其他保健食品进行比较,功效宣称,高,content,True,fallback,operator_direct,operator_direct,operator_direct,False,clear,low,none,high,direct_fixable,provisional,高风险规则但运营直接处理,未发现明显字段冲突；可低优先级抽检。,D:\G-Vibe coding\广告合规审查智能体\知识图谱\jsonbase\游戏\20260705_中华人民共和国广告法（2021修正）_2021.04.29生效_20260615下载_规则拆解_v1.json
medium,RUID-02f4d529f6d0383c,HF-001-005,保健食品广告不得利用广告代言人作推荐、证明,广告代言不合规,高,content,True,fallback,operator_direct,operator_direct,operator_direct,False,clear,low,none,high,direct_fixable,provisional,高风险规则但运营直接处理,未发现明显字段冲突；可低优先级抽检。,D:\G-Vibe coding\广告合规审查智能体\知识图谱\jsonbase\游戏\20260705_中华人民共和国广告法（2021修正）_2021.04.29生效_20260615下载_规则拆解_v1.json
medium,RUID-22813ad5dfd13cd1,HF-001-007,保健食品广告应当显著标明'本品不能代替药物',警示语缺失,高,content,False,fallback,operator_direct,operator_direct,operator_direct,False,clear,low,none,high,direct_fixable,provisional,高风险规则但运营直接处理,未发现明显字段冲突；可低优先级抽检。,D:\G-Vibe coding\广告合规审查智能体\知识图谱\jsonbase\游戏\20260705_中华人民共和国广告法（2021修正）_2021.04.29生效_20260615下载_规则拆解_v1.json
medium,RUID-b2af3e129ef8e342,HF-002,保健食品广告不得涉及疾病预防、治疗功能,涉医疗宣传,高,content,True,fallback,operator_direct,operator_direct,operator_direct,False,clear,low,none,high,direct_fixable,provisional,高风险规则但运营直接处理,未发现明显字段冲突；可低优先级抽检。,D:\G-Vibe coding\广告合规审查智能体\知识图谱\jsonbase\保健食品\20260705_中华人民共和国广告法（2021修正）_2021.04.29生效_20260615下载_规则拆解_v1.json
medium,RUID-ec6f90793361339d,HF-002,保健食品广告须显著标明警示语及标志,警示语缺失,高,content,False,fallback,operator_direct,operator_direct,operator_direct,False,clear,low,none,medium,direct_fixable,provisional,高风险规则但运营直接处理,未发现明显字段冲突；可低优先级抽检。,D:\G-Vibe coding\广告合规审查智能体\知识图谱\jsonbase\保健食品\20260705_药品、医疗器械、保健食品、特殊医学用途配方食品广告审查管理暂行办法_2020.03.01生效_20260617下载_规则拆解_v1.json
medium,RUID-7a26290e1c1c2bac,HF-003,保健食品广告不得声称或暗示为保障健康所必需,虚假宣传,高,content,True,fallback,operator_direct,operator_direct,operator_direct,False,clear,low,none,medium,direct_fixable,provisional,高风险规则但运营直接处理,未发现明显字段冲突；可低优先级抽检。,D:\G-Vibe coding\广告合规审查智能体\知识图谱\jsonbase\保健食品\20260705_中华人民共和国广告法（2021修正）_2021.04.29生效_20260615下载_规则拆解_v1.json
medium,RUID-4974507cb1230803,HF-004,保健食品广告不得与药品、其他保健食品进行比较,虚假宣传,高,content,True,fallback,operator_direct,operator_direct,operator_direct,False,clear,low,none,medium,direct_fixable,provisional,高风险规则但运营直接处理,未发现明显字段冲突；可低优先级抽检。,D:\G-Vibe coding\广告合规审查智能体\知识图谱\jsonbase\保健食品\20260705_中华人民共和国广告法（2021修正）_2021.04.29生效_20260615下载_规则拆解_v1.json
medium,RUID-d79610014e487328,HF-005,保健食品广告不得利用广告代言人作推荐、证明,广告代言不合规,高,content,True,fallback,operator_direct,operator_direct,operator_direct,False,clear,low,none,medium,direct_fixable,provisional,高风险规则但运营直接处理,未发现明显字段冲突；可低优先级抽检。,D:\G-Vibe coding\广告合规审查智能体\知识图谱\jsonbase\保健食品\20260705_中华人民共和国广告法（2021修正）_2021.04.29生效_20260615下载_规则拆解_v1.json
medium,RUID-1d7146d4ee592832,HF-006,保健食品广告应当显著标明'本品不能代替药物',警示语缺失,高,content,False,fallback,operator_direct,operator_direct,operator_direct,False,clear,low,none,medium,direct_fixable,provisional,高风险规则但运营直接处理,未发现明显字段冲突；可低优先级抽检。,D:\G-Vibe coding\广告合规审查智能体\知识图谱\jsonbase\保健食品\20260705_中华人民共和国广告法（2021修正）_2021.04.29生效_20260615下载_规则拆解_v1.json
medium,RUID-97c034528fab40c3,HF-ABS-001,禁止使用广告极限词（绝对化用语）,绝对化用语,高,content,True,fallback,operator_direct,operator_direct,operator_direct,False,clear,low,none,medium,direct_fixable,provisional,高风险规则但运营直接处理,未发现明显字段冲突；可低优先级抽检。,D:\G-Vibe coding\广告合规审查智能体\知识图谱\jsonbase\保健食品\20260706_抖音【滋补保健行业宣传规范】实施细则_规则拆解_v1.json
medium,RUID-5918828973a76530,HF-AD-001,广告不得贬低其他生产经营者的商品或者服务,虚假宣传,高,content,True,fallback,operator_supply_docs,operator_direct,operator_supply_docs,False,contextual,medium,light,medium,guided_fixable,provisional,legal_attention/routing不一致,legal_attention.default_route 与旧 routing.default_route 不一致。,D:\G-Vibe coding\广告合规审查智能体\知识图谱\jsonbase\保健食品\20260705_中华人民共和国广告法（2021修正）_2021.04.29生效_20260615下载_规则拆解_v1.json
medium,RUID-a7b064ede9ca328f,HF-AD-001,禁止在大众传播媒介或公共场所发布声称全部或部分替代母乳的婴儿乳制品、饮料和其他食品广告,虚假宣传,高,content,True,fallback,operator_direct,operator_direct,operator_direct,False,clear,low,none,high,direct_fixable,provisional,高风险规则但运营直接处理,未发现明显字段冲突；可低优先级抽检。,D:\G-Vibe coding\广告合规审查智能体\知识图谱\jsonbase\保健食品\20260705_中华人民共和国广告法（2021修正）_2021.04.29生效_20260615下载_规则拆解_v1.json
medium,RUID-3d2ebabef73caefd,HF-AD-001,禁止在大众传播媒介或公共场所发布烟草广告,其他,高,content,True,fallback,operator_direct,operator_direct,operator_direct,False,clear,low,none,high,direct_fixable,provisional,高风险规则但运营直接处理,未发现明显字段冲突；可低优先级抽检。,D:\G-Vibe coding\广告合规审查智能体\知识图谱\jsonbase\保健食品\20260705_中华人民共和国广告法（2021修正）_2021.04.29生效_20260615下载_规则拆解_v1.json
medium,RUID-791e3022c0811b5f,HF-AD-001,招商广告不得对未来效果、收益等作出保证性承诺,虚假宣传,高,content,True,fallback,operator_direct,operator_direct,operator_direct,False,clear,low,none,high,direct_fixable,provisional,高风险规则但运营直接处理,未发现明显字段冲突；可低优先级抽检。,D:\G-Vibe coding\广告合规审查智能体\知识图谱\jsonbase\保健食品\20260705_中华人民共和国广告法（2021修正）_2021.04.29生效_20260615下载_规则拆解_v1.json
medium,RUID-aaf05fea32f34de7,HF-AD-001,禁止利用未依法取得资质认定的食品检验信息进行等级评定欺骗误导消费者,虚假宣传,高,content,True,fallback,operator_supply_docs,operator_direct,operator_supply_docs,False,contextual,medium,light,medium,guided_fixable,provisional,legal_attention/routing不一致,legal_attention.default_route 与旧 routing.default_route 不一致。,D:\G-Vibe coding\广告合规审查智能体\知识图谱\jsonbase\保健食品\20260705_中华人民共和国食品安全法实施条例（2019修订）_2019.12.01生效_20260617下载_规则拆解_v1.json
medium,RUID-b8320dfc6aac23ac,HF-AD-001,保健食品备案产品配方、原辅料名称及用量、功效、生产工艺合规要求,功效宣称,高,content,True,fallback,legal_review_required,legal_review_required,legal_review_required,False,contextual,medium,heavy,high,not_self_fixable,provisional,content规则依赖重事实核验,未发现明显字段冲突；可低优先级抽检。,D:\G-Vibe coding\广告合规审查智能体\知识图谱\jsonbase\保健食品\20260705_保健食品注册与备案管理办法（2020修订）_2020.10.23生效_20260617下载_规则拆解_v1.json
medium,RUID-581e6b801073e750,HF-AD-001,保健食品广告不得利用广告代言人作推荐、证明,广告代言不合规,高,content,True,fallback,operator_direct,operator_direct,operator_direct,False,clear,low,none,medium,direct_fixable,provisional,高风险规则但运营直接处理,未发现明显字段冲突；可低优先级抽检。,D:\G-Vibe coding\广告合规审查智能体\知识图谱\jsonbase\保健食品\20260705_小红书聚光帮助中心-文档_规则拆解_v1.json
medium,RUID-1c76c8f71fb25e6a,HF-AD-001,特殊医学用途配方食品广告内容不得超出注册证书和标签说明书范围,功效宣称,高,content,True,fallback,legal_review_required,legal_review_required,legal_review_required,False,contextual,medium,heavy,high,not_self_fixable,provisional,content规则依赖重事实核验,未发现明显字段冲突；可低优先级抽检。,D:\G-Vibe coding\广告合规审查智能体\知识图谱\jsonbase\保健食品\20260705_药品、医疗器械、保健食品、特殊医学用途配方食品广告审查管理暂行办法_2020.03.01生效_20260617下载_规则拆解_v1.json
medium,RUID-7c387aff2a9fdd7c,HF-AD-001,处方药和特定全营养配方食品广告发布媒介限制,平台准入/资质不符,高,content,False,fallback,operator_supply_docs,operator_direct,operator_supply_docs,False,clear,low,light,high,guided_fixable,provisional,legal_attention/routing不一致,legal_attention.default_route 与旧 routing.default_route 不一致。,D:\G-Vibe coding\广告合规审查智能体\知识图谱\jsonbase\保健食品\20260705_药品、医疗器械、保健食品、特殊医学用途配方食品广告审查管理暂行办法_2020.03.01生效_20260617下载_规则拆解_v1.json
medium,RUID-e355d7fdc592b513,HF-AD-001,特殊食品标签说明书内容与注册备案一致,标签标识不规范,高,content,True,fallback,legal_review_required,legal_review_required,legal_review_required,False,contextual,medium,heavy,high,not_self_fixable,provisional,content规则依赖重事实核验,未发现明显字段冲突；可低优先级抽检。,D:\G-Vibe coding\广告合规审查智能体\知识图谱\jsonbase\保健食品\20260705_（2027年生效！）食品标识监督管理办法_2027.03.16生效_20260617下载_规则拆解_v1.json
medium,RUID-8a7b2709bed97422,HF-AD-001,滋补保健行业禁止效果保证宣传,虚假宣传,高,content,True,fallback,operator_direct,operator_direct,operator_direct,False,clear,low,none,medium,direct_fixable,provisional,高风险规则但运营直接处理,未发现明显字段冲突；可低优先级抽检。,D:\G-Vibe coding\广告合规审查智能体\知识图谱\jsonbase\保健食品\20260706_抖音【滋补保健行业宣传规范】实施细则_规则拆解_v1.json
medium,RUID-d58a892d4bc0c4ac,HF-AD-001,保健食品广告不得利用广告代言人作推荐、证明,广告代言不合规,高,content,True,fallback,operator_direct,operator_direct,operator_direct,False,clear,low,none,high,direct_fixable,provisional,高风险规则但运营直接处理,未发现明显字段冲突；可低优先级抽检。,D:\G-Vibe coding\广告合规审查智能体\知识图谱\jsonbase\美妆\20260705_中华人民共和国广告法（2021修正）_2021.04.29生效_20260615下载_规则拆解_v1.json
medium,RUID-c702df28b78f5df9,HF-AD-002,招商广告不得利用学术机构、行业协会、专业人士、受益者名义作推荐证明,虚假宣传,高,content,True,fallback,operator_direct,operator_direct,operator_direct,False,clear,low,none,medium,direct_fixable,provisional,高风险规则但运营直接处理,未发现明显字段冲突；可低优先级抽检。,D:\G-Vibe coding\广告合规审查智能体\知识图谱\jsonbase\保健食品\20260705_中华人民共和国广告法（2021修正）_2021.04.29生效_20260615下载_规则拆解_v1.json
medium,RUID-02d35f02a645f8b9,HF-AD-002,特殊医学用途配方食品广告必须显著标明警示语,警示语缺失,高,content,True,fallback,operator_direct,operator_direct,operator_direct,False,clear,low,none,high,direct_fixable,provisional,高风险规则但运营直接处理,未发现明显字段冲突；可低优先级抽检。,D:\G-Vibe coding\广告合规审查智能体\知识图谱\jsonbase\保健食品\20260705_药品、医疗器械、保健食品、特殊医学用途配方食品广告审查管理暂行办法_2020.03.01生效_20260617下载_规则拆解_v1.json
medium,RUID-19fba5ab685cf09e,HF-AD-002,禁止利用处方药或特定全营养配方食品名称进行广告冠名,虚假宣传,高,content,False,fallback,operator_direct,operator_direct,operator_direct,False,clear,low,none,high,direct_fixable,provisional,高风险规则但运营直接处理,未发现明显字段冲突；可低优先级抽检。,D:\G-Vibe coding\广告合规审查智能体\知识图谱\jsonbase\保健食品\20260705_药品、医疗器械、保健食品、特殊医学用途配方食品广告审查管理暂行办法_2020.03.01生效_20260617下载_规则拆解_v1.json
medium,RUID-05956a8272ad9bf3,HF-AD-003,禁止利用其他商品或服务广告宣传烟草制品名称或商标,其他,高,content,True,fallback,operator_direct,operator_direct,operator_direct,False,clear,low,none,high,direct_fixable,provisional,高风险规则但运营直接处理,未发现明显字段冲突；可低优先级抽检。,D:\G-Vibe coding\广告合规审查智能体\知识图谱\jsonbase\保健食品\20260705_中华人民共和国广告法（2021修正）_2021.04.29生效_20260615下载_规则拆解_v1.json
medium,RUID-9960beea034cd4a8,HF-AD-004,禁止烟草制品生产者或销售者在启事中宣传烟草制品名称或商标,其他,高,content,True,fallback,operator_direct,operator_direct,operator_direct,False,clear,low,none,high,direct_fixable,provisional,高风险规则但运营直接处理,未发现明显字段冲突；可低优先级抽检。,D:\G-Vibe coding\广告合规审查智能体\知识图谱\jsonbase\保健食品\20260705_中华人民共和国广告法（2021修正）_2021.04.29生效_20260615下载_规则拆解_v1.json
medium,RUID-f66f5d49ab8e79e0,HF-AD-004,特殊医学用途婴儿配方食品广告发布媒介限制,平台准入/资质不符,高,content,False,fallback,operator_supply_docs,operator_direct,operator_supply_docs,False,clear,low,light,high,guided_fixable,provisional,legal_attention/routing不一致,legal_attention.default_route 与旧 routing.default_route 不一致。,D:\G-Vibe coding\广告合规审查智能体\知识图谱\jsonbase\保健食品\20260705_药品、医疗器械、保健食品、特殊医学用途配方食品广告审查管理暂行办法_2020.03.01生效_20260617下载_规则拆解_v1.json
medium,RUID-fcb0f664c1fd7f0b,HF-ADID-002,变相发布保健食品广告,广告可识别性不足,中,content,True,fallback,operator_supply_docs,operator_direct,operator_supply_docs,False,contextual,medium,light,medium,guided_fixable,provisional,legal_attention/routing不一致,legal_attention.default_route 与旧 routing.default_route 不一致。,D:\G-Vibe coding\广告合规审查智能体\知识图谱\jsonbase\保健食品\20260705_中华人民共和国广告法（2021修正）_2021.04.29生效_20260615下载_规则拆解_v1.json
medium,RUID-99c453d4e7a8b3ac,HF-ADLOC-001,禁止在中小学校、幼儿园内开展广告活动,未成年人保护,高,content,True,fallback,operator_direct,operator_direct,operator_direct,False,clear,low,light,high,direct_fixable,provisional,高风险规则但运营直接处理,未发现明显字段冲突；可低优先级抽检。,D:\G-Vibe coding\广告合规审查智能体\知识图谱\jsonbase\保健食品\20260705_中华人民共和国广告法（2021修正）_2021.04.29生效_20260615下载_规则拆解_v1.json
medium,RUID-701c33a0186144aa,HF-ADM-001,特殊医学用途配方食品广告分类管理规则,其他,中,content,True,fallback,operator_supply_docs,operator_supply_docs,operator_supply_docs,False,contextual,medium,heavy,medium,not_self_fixable,provisional,content规则依赖重事实核验,未发现明显字段冲突；可低优先级抽检。,D:\G-Vibe coding\广告合规审查智能体\知识图谱\jsonbase\保健食品\20260705_中华人民共和国食品安全法实施条例（2019修订）_2019.12.01生效_20260617下载_规则拆解_v1.json
medium,RUID-94af376237103381,HF-ADV-001,广告代言人不得为其未使用过的商品或未接受过的服务作推荐证明,广告代言不合规,高,content,True,fallback,legal_review_required,operator_supply_docs,legal_review_required,False,contextual,medium,heavy,high,not_self_fixable,provisional,legal_attention/routing不一致；content规则依赖重事实核验,legal_attention.default_route 与旧 routing.default_route 不一致。,D:\G-Vibe coding\广告合规审查智能体\知识图谱\jsonbase\保健食品\20260705_中华人民共和国广告法（2021修正）_2021.04.29生效_20260615下载_规则拆解_v1.json
medium,RUID-07c06c5e0785bdbc,HF-ADV-001,保健食品广告中禁止广告代言人作推荐、证明,广告代言不合规,高,content,True,fallback,operator_direct,operator_direct,operator_direct,False,clear,low,none,high,direct_fixable,provisional,高风险规则但运营直接处理,未发现明显字段冲突；可低优先级抽检。,D:\G-Vibe coding\广告合规审查智能体\知识图谱\jsonbase\保健食品\20260705_中华人民共和国广告法（2021修正）_2021.04.29生效_20260615下载_规则拆解_v1.json
medium,RUID-dee30111d39ef7a8,HF-ADV-001,普通食品涉及医生推荐需提交医生证明,广告代言不合规,中,content,False,fallback,operator_supply_docs,operator_supply_docs,operator_supply_docs,False,clear,low,heavy,medium,guided_fixable,provisional,content规则依赖重事实核验,未发现明显字段冲突；可低优先级抽检。,D:\G-Vibe coding\广告合规审查智能体\知识图谱\jsonbase\保健食品\20260706_小红书《食品行业投放规则》使用手册_规则拆解_v1.json
medium,RUID-6a8383c10e696e68,HF-ADV-001,食品检测机构认证相关-不得利用检测机构为食品安全性做保证承诺,虚假宣传,中,content,True,fallback,operator_supply_docs,operator_direct,operator_supply_docs,False,contextual,medium,light,medium,guided_fixable,provisional,legal_attention/routing不一致,legal_attention.default_route 与旧 routing.default_route 不一致。,D:\G-Vibe coding\广告合规审查智能体\知识图谱\jsonbase\保健食品\20260706_小红书《食品行业投放规则》使用手册_规则拆解_v1.json
medium,RUID-e63b6e0009bccf3e,HF-ADV-002,不得利用不满十周岁的未成年人作为广告代言人,未成年人保护,高,content,True,fallback,operator_direct,operator_direct,operator_direct,False,clear,low,light,high,direct_fixable,provisional,高风险规则但运营直接处理,未发现明显字段冲突；可低优先级抽检。,D:\G-Vibe coding\广告合规审查智能体\知识图谱\jsonbase\保健食品\20260705_中华人民共和国广告法（2021修正）_2021.04.29生效_20260615下载_规则拆解_v1.json
medium,RUID-8b4409e0ef5b29d0,HF-ADV-002,奶粉及特定营养成分食品不得利用医生形象做证明推荐,广告代言不合规,高,content,False,fallback,operator_direct,operator_direct,operator_direct,False,clear,low,none,high,direct_fixable,provisional,高风险规则但运营直接处理,未发现明显字段冲突；可低优先级抽检。,D:\G-Vibe coding\广告合规审查智能体\知识图谱\jsonbase\保健食品\20260706_小红书《食品行业投放规则》使用手册_规则拆解_v1.json
medium,RUID-ee8013165a5b8e1d,HF-ADV-003,不得利用因虚假广告受行政处罚未满三年的自然人、法人或其他组织作为广告代言人,广告代言不合规,高,content,False,fallback,legal_review_required,legal_review_required,legal_review_required,False,contextual,medium,heavy,high,not_self_fixable,provisional,content规则依赖重事实核验,未发现明显字段冲突；可低优先级抽检。,D:\G-Vibe coding\广告合规审查智能体\知识图谱\jsonbase\保健食品\20260705_中华人民共和国广告法（2021修正）_2021.04.29生效_20260615下载_规则拆解_v1.json
medium,RUID-989d33ad946f5d52,HF-ADW-001,保健食品广告须声明'本品不能代替药物',警示语缺失,高,content,False,fallback,operator_direct,operator_direct,operator_direct,False,clear,low,none,high,direct_fixable,provisional,高风险规则但运营直接处理,未发现明显字段冲突；可低优先级抽检。,D:\G-Vibe coding\广告合规审查智能体\知识图谱\jsonbase\保健食品\20260705_中华人民共和国食品安全法（2025修正）_2025.12.01生效_20260617下载_规则拆解_v1.json
medium,RUID-d5b67d0b930be582,HF-AL-001,酒类广告不得诱导、怂恿饮酒或宣传无节制饮酒,虚假宣传,高,content,True,fallback,operator_direct,operator_direct,operator_direct,False,clear,low,none,medium,direct_fixable,provisional,高风险规则但运营直接处理,未发现明显字段冲突；可低优先级抽检。,D:\G-Vibe coding\广告合规审查智能体\知识图谱\jsonbase\保健食品\20260705_中华人民共和国广告法（2021修正）_2021.04.29生效_20260615下载_规则拆解_v1.json
medium,RUID-85ccfcfcf24ea258,HF-AL-002,酒类广告不得出现饮酒的动作,其他,高,content,True,fallback,operator_direct,operator_direct,operator_direct,False,clear,low,none,medium,direct_fixable,provisional,高风险规则但运营直接处理,未发现明显字段冲突；可低优先级抽检。,D:\G-Vibe coding\广告合规审查智能体\知识图谱\jsonbase\保健食品\20260705_中华人民共和国广告法（2021修正）_2021.04.29生效_20260615下载_规则拆解_v1.json
medium,RUID-bd136cd922ad876c,HF-AL-003,酒类广告不得表现驾驶车、船、飞机等活动,其他,高,content,True,fallback,operator_direct,operator_direct,operator_direct,False,clear,low,none,medium,direct_fixable,provisional,高风险规则但运营直接处理,未发现明显字段冲突；可低优先级抽检。,D:\G-Vibe coding\广告合规审查智能体\知识图谱\jsonbase\保健食品\20260705_中华人民共和国广告法（2021修正）_2021.04.29生效_20260615下载_规则拆解_v1.json
medium,RUID-a09cdb28cc47170c,HF-AL-004,酒类广告不得明示或暗示饮酒有消除紧张和焦虑、增加体力等功效,虚假宣传,高,content,True,fallback,operator_direct,operator_direct,operator_direct,False,clear,low,none,medium,direct_fixable,provisional,高风险规则但运营直接处理,未发现明显字段冲突；可低优先级抽检。,D:\G-Vibe coding\广告合规审查智能体\知识图谱\jsonbase\保健食品\20260705_中华人民共和国广告法（2021修正）_2021.04.29生效_20260615下载_规则拆解_v1.json
medium,RUID-beb65843f7e375b1,HF-COMP-001,成分/材质宣传需提供证明材料,虚假宣传,中,content,True,fallback,operator_supply_docs,operator_supply_docs,operator_supply_docs,False,clear,low,heavy,medium,guided_fixable,provisional,content规则依赖重事实核验,未发现明显字段冲突；可低优先级抽检。,D:\G-Vibe coding\广告合规审查智能体\知识图谱\jsonbase\保健食品\20260706_小红书聚光帮助中心-文档_规则拆解_v1.json
medium,RUID-26ed403d02be2461,HF-CP-001,保健食品广告不得与药品、其他保健食品进行比较,虚假宣传,高,content,True,fallback,operator_direct,operator_direct,operator_direct,False,contextual,medium,none,high,guided_fixable,provisional,高风险规则但运营直接处理,未发现明显字段冲突；可低优先级抽检。,D:\G-Vibe coding\广告合规审查智能体\知识图谱\jsonbase\美妆\20260705_中华人民共和国广告法（2021修正）_2021.04.29生效_20260615下载_规则拆解_v1.json
medium,RUID-332081158a520fb8,HF-DATA-001,广告发布者提供的覆盖率、收视率、点击率、发行量等资料应当真实,数据引用不规范,中,content,False,fallback,operator_supply_docs,operator_direct,operator_supply_docs,False,contextual,medium,light,medium,guided_fixable,provisional,legal_attention/routing不一致,legal_attention.default_route 与旧 routing.default_route 不一致。,D:\G-Vibe coding\广告合规审查智能体\知识图谱\jsonbase\保健食品\20260705_中华人民共和国广告法（2021修正）_2021.04.29生效_20260615下载_规则拆解_v1.json
medium,RUID-98e4024f640b4790,HF-EDU-001,教育、培训广告不得含有对升学、通过考试等效果的保证性承诺,虚假宣传,高,content,True,fallback,operator_direct,operator_direct,operator_direct,False,clear,low,none,medium,direct_fixable,provisional,高风险规则但运营直接处理,未发现明显字段冲突；可低优先级抽检。,D:\G-Vibe coding\广告合规审查智能体\知识图谱\jsonbase\保健食品\20260705_中华人民共和国广告法（2021修正）_2021.04.29生效_20260615下载_规则拆解_v1.json
medium,RUID-0acc542c744b62dd,HF-EDU-002,教育、培训广告不得明示或暗示有考试机构或命题人员参与,虚假宣传,高,content,True,fallback,operator_direct,operator_direct,operator_direct,False,clear,low,none,medium,direct_fixable,provisional,高风险规则但运营直接处理,未发现明显字段冲突；可低优先级抽检。,D:\G-Vibe coding\广告合规审查智能体\知识图谱\jsonbase\保健食品\20260705_中华人民共和国广告法（2021修正）_2021.04.29生效_20260615下载_规则拆解_v1.json
medium,RUID-7f1a9698aaa2cf50,HF-EDU-003,教育、培训广告不得利用科研单位、学术机构等名义作推荐、证明,虚假宣传,高,content,True,fallback,operator_direct,operator_direct,operator_direct,False,clear,low,none,medium,direct_fixable,provisional,高风险规则但运营直接处理,未发现明显字段冲突；可低优先级抽检。,D:\G-Vibe coding\广告合规审查智能体\知识图谱\jsonbase\保健食品\20260705_中华人民共和国广告法（2021修正）_2021.04.29生效_20260615下载_规则拆解_v1.json
medium,RUID-2c776765602891f9,HF-FAKE-001,禁止发布虚假广告,虚假宣传,高,content,True,fallback,legal_review_required,legal_review_required,legal_review_required,False,open,high,heavy,high,not_self_fixable,provisional,content规则依赖重事实核验,未发现明显字段冲突；可低优先级抽检。,D:\G-Vibe coding\广告合规审查智能体\知识图谱\jsonbase\保健食品\20260705_中华人民共和国广告法（2021修正）_2021.04.29生效_20260615下载_规则拆解_v1.json
medium,RUID-9c8c4a9b0f408ba0,HF-FAKE-001,虚假广告导致消费者损害的责任规则,虚假宣传,中,content,False,fallback,legal_review_required,legal_review_required,legal_review_required,False,open,high,heavy,high,not_self_fixable,provisional,content规则依赖重事实核验,未发现明显字段冲突；可低优先级抽检。,D:\G-Vibe coding\广告合规审查智能体\知识图谱\jsonbase\保健食品\20260705_中华人民共和国广告法（2021修正）_2021.04.29生效_20260615下载_规则拆解_v1.json
medium,RUID-9d3516057c6bf874,HF-FAKE-001,虚假广告连带责任（生命健康商品/服务）,虚假宣传,高,content,False,fallback,legal_review_required,legal_review_required,legal_review_required,False,open,high,heavy,high,not_self_fixable,provisional,content规则依赖重事实核验,未发现明显字段冲突；可低优先级抽检。,D:\G-Vibe coding\广告合规审查智能体\知识图谱\jsonbase\保健食品\20260705_中华人民共和国消费者权益保护法（2013修正）_2014.03.15生效_20260615下载_规则拆解_v1.json
medium,RUID-4eb2d27878eedc20,HF-FALSE-001,保健食品标签说明书不得涉及疾病预防治疗功能,涉医疗宣传,高,content,True,fallback,operator_direct,operator_direct,operator_direct,False,clear,low,none,high,direct_fixable,provisional,高风险规则但运营直接处理,未发现明显字段冲突；可低优先级抽检。,D:\G-Vibe coding\广告合规审查智能体\知识图谱\jsonbase\保健食品\20260705_中华人民共和国食品安全法（2025修正）_2025.12.01生效_20260617下载_规则拆解_v1.json
medium,RUID-c192e31ff870e352,HF-FALSE-001,食品广告不得涉及疾病预防、治疗功能,涉医疗宣传,高,content,True,fallback,operator_direct,operator_direct,operator_direct,False,clear,low,none,high,direct_fixable,provisional,高风险规则但运营直接处理,未发现明显字段冲突；可低优先级抽检。,D:\G-Vibe coding\广告合规审查智能体\知识图谱\jsonbase\保健食品\20260705_中华人民共和国食品安全法（2025修正）_2025.12.01生效_20260617下载_规则拆解_v1.json
medium,RUID-52852c85f313aa3e,HF-FALSE-003,禁止使用虚构、伪造或无法验证的科研成果等证明材料,虚假宣传,高,content,True,fallback,legal_review_required,legal_review_required,legal_review_required,False,open,high,heavy,high,not_self_fixable,provisional,content规则依赖重事实核验,未发现明显字段冲突；可低优先级抽检。,D:\G-Vibe coding\广告合规审查智能体\知识图谱\jsonbase\保健食品\20260705_中华人民共和国广告法（2021修正）_2021.04.29生效_20260615下载_规则拆解_v1.json
medium,RUID-53b141d07da5418a,HF-FALSE-004,禁止虚构使用商品或接受服务的效果,虚假宣传,高,content,True,fallback,legal_review_required,legal_review_required,legal_review_required,False,open,high,heavy,high,not_self_fixable,provisional,content规则依赖重事实核验,未发现明显字段冲突；可低优先级抽检。,D:\G-Vibe coding\广告合规审查智能体\知识图谱\jsonbase\保健食品\20260705_中华人民共和国广告法（2021修正）_2021.04.29生效_20260615下载_规则拆解_v1.json
medium,RUID-99a5b0b1a35aca56,HF-FALSEAD-001,经营者提供商品或服务信息应当真实全面，不得虚假或引人误解宣传,虚假宣传,高,content,True,fallback,legal_review_required,operator_direct,legal_review_required,False,open,high,light,high,not_self_fixable,provisional,legal_attention/routing不一致,legal_attention.default_route 与旧 routing.default_route 不一致。,D:\G-Vibe coding\广告合规审查智能体\知识图谱\jsonbase\保健食品\20260705_中华人民共和国消费者权益保护法（2013修正）_2014.03.15生效_20260615下载_规则拆解_v1.json
medium,RUID-285a8c39dd33351c,HF-FALSEAD-001,保健食品广告不得虚假宣传,虚假宣传,高,content,True,fallback,legal_review_required,operator_direct,legal_review_required,False,open,high,light,high,not_self_fixable,provisional,legal_attention/routing不一致,legal_attention.default_route 与旧 routing.default_route 不一致。,D:\G-Vibe coding\广告合规审查智能体\知识图谱\jsonbase\保健食品\20260705_中华人民共和国食品安全法（2025修正）_2025.12.01生效_20260617下载_规则拆解_v1.json
medium,RUID-a751d4e9b07f3987,HF-FALSEADV-001,禁止利用会议、讲座、健康咨询等方式对食品进行虚假宣传,虚假宣传,高,content,True,fallback,operator_supply_docs,operator_direct,operator_supply_docs,False,contextual,medium,light,high,guided_fixable,provisional,legal_attention/routing不一致,legal_attention.default_route 与旧 routing.default_route 不一致。,D:\G-Vibe coding\广告合规审查智能体\知识图谱\jsonbase\保健食品\20260705_中华人民共和国食品安全法实施条例（2019修订）_2019.12.01生效_20260617下载_规则拆解_v1.json
medium,RUID-02bd582c22b68621,HF-FC-001,广告宣称与实际质量相符规则,虚假宣传,高,content,True,fallback,legal_review_required,operator_supply_docs,legal_review_required,False,contextual,medium,heavy,high,not_self_fixable,provisional,legal_attention/routing不一致；content规则依赖重事实核验,legal_attention.default_route 与旧 routing.default_route 不一致。,D:\G-Vibe coding\广告合规审查智能体\知识图谱\jsonbase\保健食品\20260705_中华人民共和国消费者权益保护法（2013修正）_2014.03.15生效_20260615下载_规则拆解_v1.json
medium,RUID-5a788a0335e840b1,HF-FC-001,禁止对食品（含保健食品）进行虚假宣传,虚假宣传,高,content,True,fallback,legal_review_required,operator_direct,legal_review_required,False,open,high,heavy,high,not_self_fixable,provisional,legal_attention/routing不一致；content规则依赖重事实核验,legal_attention.default_route 与旧 routing.default_route 不一致。,D:\G-Vibe coding\广告合规审查智能体\知识图谱\jsonbase\保健食品\20260705_中华人民共和国食品安全法实施条例（2019修订）_2019.12.01生效_20260617下载_规则拆解_v1.json
medium,RUID-b6f89401325ab7d1,HF-FC-001,保健食品声称保健功能应当具有科学依据,功效宣称,高,content,True,fallback,legal_review_required,operator_direct,legal_review_required,False,contextual,medium,heavy,high,not_self_fixable,provisional,legal_attention/routing不一致；content规则依赖重事实核验,legal_attention.default_route 与旧 routing.default_route 不一致。,D:\G-Vibe coding\广告合规审查智能体\知识图谱\jsonbase\保健食品\20260705_中华人民共和国食品安全法（2025修正）_2025.12.01生效_20260617下载_规则拆解_v1.json
medium,RUID-576cf8507aa0ac00,HF-FC-001,保健功能声称须在功能目录内,功效宣称,高,content,True,fallback,legal_review_required,legal_review_required,legal_review_required,False,contextual,medium,heavy,high,not_self_fixable,provisional,content规则依赖重事实核验,未发现明显字段冲突；可低优先级抽检。,D:\G-Vibe coding\广告合规审查智能体\知识图谱\jsonbase\保健食品\20260705_保健食品注册与备案管理办法（2020修订）_2020.10.23生效_20260617下载_规则拆解_v1.json
medium,RUID-da61ab09ed38b762,HF-FC-001,保健食品功能声称用语不得删改添加合并,功效宣称,高,content,True,fallback,operator_direct,operator_direct,operator_direct,False,clear,low,none,medium,direct_fixable,provisional,高风险规则但运营直接处理,未发现明显字段冲突；可低优先级抽检。,D:\G-Vibe coding\广告合规审查智能体\知识图谱\jsonbase\保健食品\20260705_允许保健食品声称的保健功能目录营养素补充剂（2023年版）_规则拆解_v1.json
medium,RUID-ef64ccffec8a99b7,HF-FC-001,禁止虚假宣传,虚假宣传,高,content,True,fallback,legal_review_required,legal_review_required,legal_review_required,False,open,high,heavy,high,not_self_fixable,provisional,content规则依赖重事实核验,未发现明显字段冲突；可低优先级抽检。,D:\G-Vibe coding\广告合规审查智能体\知识图谱\jsonbase\保健食品\20260706_抖音【滋补保健行业宣传规范】实施细则_规则拆解_v1.json
medium,RUID-d2ef21544495915e,HF-FC-001,滋补保健行业禁止虚假宣传,虚假宣传,高,content,True,fallback,legal_review_required,legal_review_required,legal_review_required,False,open,high,heavy,high,not_self_fixable,provisional,content规则依赖重事实核验,未发现明显字段冲突；可低优先级抽检。,D:\G-Vibe coding\广告合规审查智能体\知识图谱\jsonbase\保健食品\20260706_抖音【滋补保健行业宣传规范】实施细则_规则拆解_v1.json
medium,RUID-e9afbede10e31c92,HF-FC-001,保健食品广告不得含有功效、安全性的断言或保证,功效宣称,高,content,True,fallback,operator_direct,operator_direct,operator_direct,False,clear,low,none,high,direct_fixable,provisional,高风险规则但运营直接处理,未发现明显字段冲突；可低优先级抽检。,D:\G-Vibe coding\广告合规审查智能体\知识图谱\jsonbase\美妆\20260705_中华人民共和国广告法（2021修正）_2021.04.29生效_20260615下载_规则拆解_v1.json
medium,RUID-1394e00b99786f68,HF-FC-002,保健食品广告不得声称或暗示为保障健康所必需,虚假宣传,高,content,True,fallback,operator_direct,operator_direct,operator_direct,False,clear,low,none,medium,direct_fixable,provisional,高风险规则但运营直接处理,未发现明显字段冲突；可低优先级抽检。,D:\G-Vibe coding\广告合规审查智能体\知识图谱\jsonbase\美妆\20260705_中华人民共和国广告法（2021修正）_2021.04.29生效_20260615下载_规则拆解_v1.json
medium,RUID-bb7aacc2a9b52be1,HF-FSL-001,禁止宣传或暗示使用非食品原料、回收食品或添加化学物质生产的保健食品,虚假宣传,高,content,True,fallback,operator_direct,operator_direct,operator_direct,False,clear,low,none,high,direct_fixable,provisional,高风险规则但运营直接处理,未发现明显字段冲突；可低优先级抽检。,D:\G-Vibe coding\广告合规审查智能体\知识图谱\jsonbase\保健食品\20260705_中华人民共和国食品安全法（2025修正）_2025.12.01生效_20260617下载_规则拆解_v1.json
medium,RUID-0055e46c8d7fb5dd,HF-FSL-002,禁止宣传或暗示保健食品超过保质期或标注虚假生产日期、保质期,标签标识不规范,高,content,True,fallback,operator_direct,operator_direct,operator_direct,False,clear,low,none,high,direct_fixable,provisional,高风险规则但运营直接处理,未发现明显字段冲突；可低优先级抽检。,D:\G-Vibe coding\广告合规审查智能体\知识图谱\jsonbase\保健食品\20260705_中华人民共和国食品安全法（2025修正）_2025.12.01生效_20260617下载_规则拆解_v1.json
medium,RUID-80d3860ddc51151b,HF-FSL-003,禁止宣传或暗示无标签的预包装保健食品,标签标识不规范,高,content,True,fallback,operator_direct,operator_direct,operator_direct,False,clear,low,none,high,direct_fixable,provisional,高风险规则但运营直接处理,未发现明显字段冲突；可低优先级抽检。,D:\G-Vibe coding\广告合规审查智能体\知识图谱\jsonbase\保健食品\20260705_中华人民共和国食品安全法（2025修正）_2025.12.01生效_20260617下载_规则拆解_v1.json
medium,RUID-00b960fe38624f88,HF-GEN-001,保健食品广告应当真实、合法，不得含有虚假或者引人误解的内容,虚假宣传,高,content,True,fallback,legal_review_required,legal_review_required,legal_review_required,False,open,high,heavy,high,not_self_fixable,provisional,content规则依赖重事实核验,未发现明显字段冲突；可低优先级抽检。,D:\G-Vibe coding\广告合规审查智能体\知识图谱\jsonbase\保健食品\20260705_药品、医疗器械、保健食品、特殊医学用途配方食品广告审查管理暂行办法_2020.03.01生效_20260617下载_规则拆解_v1.json
medium,RUID-717465e2f14e362b,HF-IP-002,未取得专利权不得在广告中谎称取得专利权,虚假宣传,高,content,True,fallback,legal_review_required,legal_review_required,legal_review_required,False,contextual,medium,heavy,high,not_self_fixable,provisional,content规则依赖重事实核验,未发现明显字段冲突；可低优先级抽检。,D:\G-Vibe coding\广告合规审查智能体\知识图谱\jsonbase\保健食品\20260705_中华人民共和国广告法（2021修正）_2021.04.29生效_20260615下载_规则拆解_v1.json
medium,RUID-e9057a51bd3657d8,HF-LABEL-001,预包装食品标签强制标示事项最小字号要求,标签标识不规范,中,content,True,fallback,operator_supply_docs,operator_direct,operator_supply_docs,False,clear,low,light,medium,guided_fixable,provisional,legal_attention/routing不一致,legal_attention.default_route 与旧 routing.default_route 不一致。,D:\G-Vibe coding\广告合规审查智能体\知识图谱\jsonbase\保健食品\20260705_（2027年生效！）食品标识监督管理办法_2027.03.16生效_20260617下载_规则拆解_v1.json
medium,RUID-19256dc3bbc748d7,HF-LABEL-001,预包装食品标签生产者信息标注合规规则,标签标识不规范,中,content,False,fallback,operator_supply_docs,operator_direct,operator_supply_docs,False,clear,low,light,medium,guided_fixable,provisional,legal_attention/routing不一致,legal_attention.default_route 与旧 routing.default_route 不一致。,D:\G-Vibe coding\广告合规审查智能体\知识图谱\jsonbase\保健食品\20260705_（2027年生效！）食品标识监督管理办法_2027.03.16生效_20260617下载_规则拆解_v1.json
medium,RUID-c226537b266f59c9,HF-LABEL-002,保健食品其他商标面积限制规则,标签标识不规范,中,content,True,fallback,operator_supply_docs,operator_direct,operator_supply_docs,False,contextual,medium,light,medium,guided_fixable,provisional,legal_attention/routing不一致,legal_attention.default_route 与旧 routing.default_route 不一致。,D:\G-Vibe coding\广告合规审查智能体\知识图谱\jsonbase\保健食品\20260705_（2027年生效！）食品标识监督管理办法_2027.03.16生效_20260617下载_规则拆解_v1.json
medium,RUID-35692036187035e7,HF-LBL-001,进口保健食品中文标签与说明书合规要求,标签标识不规范,高,content,True,fallback,operator_supply_docs,operator_supply_docs,operator_supply_docs,False,contextual,medium,heavy,high,not_self_fixable,provisional,content规则依赖重事实核验,未发现明显字段冲突；可低优先级抽检。,D:\G-Vibe coding\广告合规审查智能体\知识图谱\jsonbase\保健食品\20260705_中华人民共和国食品安全法（2025修正）_2025.12.01生效_20260617下载_规则拆解_v1.json
medium,RUID-59009f4b01752561,HF-MED-001,滋补保健行业禁止宣传医疗功效（耳鼻喉/头发/呼吸系统等）,涉医疗宣传,高,content,True,fallback,operator_direct,operator_direct,operator_direct,False,clear,low,none,medium,direct_fixable,provisional,高风险规则但运营直接处理,未发现明显字段冲突；可低优先级抽检。,D:\G-Vibe coding\广告合规审查智能体\知识图谱\jsonbase\保健食品\20260706_抖音【滋补保健行业宣传规范】实施细则_规则拆解_v1.json
medium,RUID-5ea47e70f8ebb836,HF-MINOR-001,食品标识不得无依据标称适合未成年人食用,未成年人保护,高,content,True,fallback,legal_review_required,legal_review_required,legal_review_required,False,contextual,medium,heavy,high,not_self_fixable,provisional,content规则依赖重事实核验,未发现明显字段冲突；可低优先级抽检。,D:\G-Vibe coding\广告合规审查智能体\知识图谱\jsonbase\保健食品\20260705_（2027年生效！）食品标识监督管理办法_2027.03.16生效_20260617下载_规则拆解_v1.json
medium,RUID-a63b69e3e828b39c,HF-MIS-001,保健食品标签说明书不得涉及疾病预防治疗功能,涉医疗宣传,高,content,True,fallback,operator_direct,operator_direct,operator_direct,False,clear,low,none,high,direct_fixable,provisional,高风险规则但运营直接处理,未发现明显字段冲突；可低优先级抽检。,D:\G-Vibe coding\广告合规审查智能体\知识图谱\jsonbase\保健食品\20260705_中华人民共和国食品安全法（2025修正）_2025.12.01生效_20260617下载_规则拆解_v1.json
medium,RUID-41c06c06a570d16c,HF-MIS-001,网上刊载的非保健食品信息不得明示或暗示具有保健功能,虚假宣传,高,content,True,fallback,operator_supply_docs,operator_direct,operator_supply_docs,False,contextual,medium,light,high,guided_fixable,provisional,legal_attention/routing不一致,legal_attention.default_route 与旧 routing.default_route 不一致。,D:\G-Vibe coding\广告合规审查智能体\知识图谱\jsonbase\保健食品\20260705_网络食品安全违法行为查处办法（2025修订）_2025.05.01生效_20260617下载_规则拆解_v1.json
medium,RUID-f13e59866175d74d,HF-MIS-001,0-6月龄婴儿配方食品不得进行含量声称和功能声称,功效宣称,高,content,False,fallback,operator_direct,operator_direct,operator_direct,False,clear,low,none,high,direct_fixable,provisional,高风险规则但运营直接处理,未发现明显字段冲突；可低优先级抽检。,D:\G-Vibe coding\广告合规审查智能体\知识图谱\jsonbase\保健食品\20260705_（2027年生效！）食品标识监督管理办法_2027.03.16生效_20260617下载_规则拆解_v1.json
medium,RUID-ebc68aa5e32e6204,HF-MIS-002,保健食品标签说明书内容须与注册备案一致,功效超备案,高,content,False,fallback,legal_review_required,legal_review_required,legal_review_required,False,contextual,medium,heavy,high,not_self_fixable,provisional,content规则依赖重事实核验,未发现明显字段冲突；可低优先级抽检。,D:\G-Vibe coding\广告合规审查智能体\知识图谱\jsonbase\保健食品\20260705_中华人民共和国食品安全法（2025修正）_2025.12.01生效_20260617下载_规则拆解_v1.json
medium,RUID-82a8a7c8f78d473e,HF-MIS-002,网上刊载的保健食品注册证书或备案凭证信息必须与注册或备案信息一致,虚假宣传,高,content,False,fallback,legal_review_required,legal_review_required,legal_review_required,False,contextual,medium,heavy,high,not_self_fixable,provisional,content规则依赖重事实核验,未发现明显字段冲突；可低优先级抽检。,D:\G-Vibe coding\广告合规审查智能体\知识图谱\jsonbase\保健食品\20260705_网络食品安全违法行为查处办法（2025修订）_2025.05.01生效_20260617下载_规则拆解_v1.json
medium,RUID-80d16aeb303d7176,HF-MIS-002,6月龄以上婴幼儿配方食品不得对必需成分进行含量声称和功能声称,功效宣称,高,content,False,fallback,operator_direct,operator_direct,operator_direct,False,clear,low,none,high,direct_fixable,provisional,高风险规则但运营直接处理,未发现明显字段冲突；可低优先级抽检。,D:\G-Vibe coding\广告合规审查智能体\知识图谱\jsonbase\保健食品\20260705_（2027年生效！）食品标识监督管理办法_2027.03.16生效_20260617下载_规则拆解_v1.json
medium,RUID-7704214ffc5d9535,HF-MT-001,保健食品广告不得涉及疾病预防、治疗功能,涉医疗宣传,高,content,True,fallback,operator_direct,operator_direct,operator_direct,False,clear,low,none,high,direct_fixable,provisional,高风险规则但运营直接处理,未发现明显字段冲突；可低优先级抽检。,D:\G-Vibe coding\广告合规审查智能体\知识图谱\jsonbase\美妆\20260705_中华人民共和国广告法（2021修正）_2021.04.29生效_20260615下载_规则拆解_v1.json
medium,RUID-0d2c183fce92c214,HF-NAM-001,保健食品通用名不得含有保健功能名称或相关文字,功效宣称,高,content,True,fallback,operator_direct,operator_direct,operator_direct,False,clear,low,none,medium,direct_fixable,provisional,高风险规则但运营直接处理,未发现明显字段冲突；可低优先级抽检。,D:\G-Vibe coding\广告合规审查智能体\知识图谱\jsonbase\保健食品\20260705_保健食品注册与备案管理办法（2020修订）_2020.10.23生效_20260617下载_规则拆解_v1.json
medium,RUID-2e79e8cce97a5e23,HF-OTH-001,特殊药品及戒毒相关药品、医疗器械和治疗方法不得作广告,其他,高,content,True,fallback,operator_direct,operator_direct,operator_direct,False,clear,low,none,high,direct_fixable,provisional,高风险规则但运营直接处理,未发现明显字段冲突；可低优先级抽检。,D:\G-Vibe coding\广告合规审查智能体\知识图谱\jsonbase\保健食品\20260705_中华人民共和国广告法（2021修正）_2021.04.29生效_20260615下载_规则拆解_v1.json
medium,RUID-8d5b3acdf4b69f55,HF-OTH-001,禁止为法律行政法规禁止生产销售或禁止发布广告的商品服务设计制作代理发布广告,其他,高,content,True,fallback,legal_review_required,legal_review_required,legal_review_required,False,open,high,heavy,high,not_self_fixable,provisional,content规则依赖重事实核验,未发现明显字段冲突；可低优先级抽检。,D:\G-Vibe coding\广告合规审查智能体\知识图谱\jsonbase\保健食品\20260705_中华人民共和国广告法（2021修正）_2021.04.29生效_20260615下载_规则拆解_v1.json
medium,RUID-46fae3e5e70229f7,HF-OTH-002,处方药仅限在指定医学、药学专业刊物上作广告,其他,高,content,True,fallback,legal_review_required,legal_review_required,legal_review_required,False,contextual,medium,heavy,high,not_self_fixable,provisional,content规则依赖重事实核验,未发现明显字段冲突；可低优先级抽检。,D:\G-Vibe coding\广告合规审查智能体\知识图谱\jsonbase\保健食品\20260705_中华人民共和国广告法（2021修正）_2021.04.29生效_20260615下载_规则拆解_v1.json
medium,RUID-abcddf44be8c7b73,HF-PRO-001,针对未成年人的大众传播媒介上不得发布保健食品广告,未成年人保护,高,content,True,fallback,operator_supply_docs,operator_direct,operator_supply_docs,False,clear,low,light,high,guided_fixable,provisional,legal_attention/routing不一致,legal_attention.default_route 与旧 routing.default_route 不一致。,D:\G-Vibe coding\广告合规审查智能体\知识图谱\jsonbase\保健食品\20260705_中华人民共和国广告法（2021修正）_2021.04.29生效_20260615下载_规则拆解_v1.json
medium,RUID-f1e8b2c942ed7d9f,HF-PRO-002,针对不满十四周岁未成年人的广告不得劝诱要求家长购买,未成年人保护,高,content,True,fallback,operator_supply_docs,operator_direct,operator_supply_docs,False,contextual,medium,light,high,guided_fixable,provisional,legal_attention/routing不一致,legal_attention.default_route 与旧 routing.default_route 不一致。,D:\G-Vibe coding\广告合规审查智能体\知识图谱\jsonbase\保健食品\20260705_中华人民共和国广告法（2021修正）_2021.04.29生效_20260615下载_规则拆解_v1.json
medium,RUID-e2b10ade45f4dc83,HF-WARN-001,保健食品标签警示用语内容及格式要求,警示语缺失,高,content,True,fallback,operator_direct,operator_direct,operator_direct,False,clear,low,none,medium,direct_fixable,provisional,高风险规则但运营直接处理,未发现明显字段冲突；可低优先级抽检。,D:\G-Vibe coding\广告合规审查智能体\知识图谱\jsonbase\保健食品\20260705_市场监管总局关于发布《保健食品标注警示用语指南》的公告_2020.01.01生效_20260617下载_规则拆解_v1.json
medium,RUID-a6e17fbc9c08c24a,HF-WARN-002,保健食品经营场所及网络平台消费提示要求,警示语缺失,高,content,True,fallback,operator_direct,operator_direct,operator_direct,False,clear,low,none,medium,direct_fixable,provisional,高风险规则但运营直接处理,未发现明显字段冲突；可低优先级抽检。,D:\G-Vibe coding\广告合规审查智能体\知识图谱\jsonbase\保健食品\20260705_市场监管总局关于发布《保健食品标注警示用语指南》的公告_2020.01.01生效_20260617下载_规则拆解_v1.json
medium,RUID-1bf1d7657ecae7f8,HF-WS-001,保健食品广告应当显著标明'本品不能代替药物',警示语缺失,高,content,False,fallback,operator_direct,operator_direct,operator_direct,False,clear,low,none,medium,direct_fixable,provisional,高风险规则但运营直接处理,未发现明显字段冲突；可低优先级抽检。,D:\G-Vibe coding\广告合规审查智能体\知识图谱\jsonbase\美妆\20260705_中华人民共和国广告法（2021修正）_2021.04.29生效_20260615下载_规则拆解_v1.json
medium,RUID-9b646e1d60b7c617,HF-其他-001,保健食品广告不得违反安全使用规程的文字、语言或者画面,其他,高,content,True,fallback,operator_direct,operator_direct,operator_direct,False,clear,low,none,high,direct_fixable,provisional,高风险规则但运营直接处理,未发现明显字段冲突；可低优先级抽检。,D:\G-Vibe coding\广告合规审查智能体\知识图谱\jsonbase\保健食品\20260705_中华人民共和国广告法（2021修正）_2021.04.29生效_20260615下载_规则拆解_v1.json
medium,RUID-fea3ce72204b2d43,HF-其他-001,保健食品标签标识不得标注低于食品安全标准的企业标准指标,标签标识不规范,中,content,True,fallback,operator_supply_docs,operator_supply_docs,operator_supply_docs,False,contextual,medium,heavy,medium,not_self_fixable,provisional,content规则依赖重事实核验,未发现明显字段冲突；可低优先级抽检。,D:\G-Vibe coding\广告合规审查智能体\知识图谱\jsonbase\保健食品\20260705_中华人民共和国食品安全法实施条例（2019修订）_2019.12.01生效_20260617下载_规则拆解_v1.json
medium,RUID-86044d3bf113b134,HF-未成年人保护-001,广告不得损害未成年人身心健康,未成年人保护,高,content,True,fallback,legal_review_required,operator_direct,legal_review_required,False,open,high,light,high,not_self_fixable,provisional,legal_attention/routing不一致,legal_attention.default_route 与旧 routing.default_route 不一致。,D:\G-Vibe coding\广告合规审查智能体\知识图谱\jsonbase\保健食品\20260705_中华人民共和国广告法（2021修正）_2021.04.29生效_20260615下载_规则拆解_v1.json
medium,RUID-c8d9714e6134eb2e,HF-绝对化用语-001,滋补保健商品不得使用广告极限词,绝对化用语,高,content,False,fallback,operator_direct,operator_direct,operator_direct,False,clear,low,none,high,direct_fixable,provisional,高风险规则但运营直接处理,未发现明显字段冲突；可低优先级抽检。,D:\G-Vibe coding\广告合规审查智能体\知识图谱\jsonbase\保健食品\20260705_抖音【滋补保健行业宣传规范】实施细则_规则拆解_v1.json
medium,RUID-c72e79162ac67670,HF-虚假宣传-001,保健食品广告不得含有表示功效、安全性的断言或者保证,虚假宣传,高,content,True,fallback,operator_direct,operator_direct,operator_direct,False,clear,low,none,high,direct_fixable,provisional,高风险规则但运营直接处理,未发现明显字段冲突；可低优先级抽检。,D:\G-Vibe coding\广告合规审查智能体\知识图谱\jsonbase\保健食品\20260705_中华人民共和国广告法（2021修正）_2021.04.29生效_20260615下载_规则拆解_v1.json
medium,RUID-5beeb660318cf574,HF-虚假宣传-001,非保健食品不得声称具有保健功能,虚假宣传,高,content,True,fallback,operator_direct,operator_direct,operator_direct,False,clear,low,light,high,direct_fixable,provisional,高风险规则但运营直接处理,未发现明显字段冲突；可低优先级抽检。,D:\G-Vibe coding\广告合规审查智能体\知识图谱\jsonbase\保健食品\20260705_中华人民共和国食品安全法实施条例（2019修订）_2019.12.01生效_20260617下载_规则拆解_v1.json
medium,RUID-bef8cd9663741f54,HF-虚假宣传-001,保健食品不得宣称添加药品成分,虚假宣传,高,content,True,fallback,operator_direct,operator_direct,operator_direct,False,clear,low,none,high,direct_fixable,provisional,高风险规则但运营直接处理,未发现明显字段冲突；可低优先级抽检。,D:\G-Vibe coding\广告合规审查智能体\知识图谱\jsonbase\保健食品\20260705_中华人民共和国食品安全法（2025修正）_2025.12.01生效_20260617下载_规则拆解_v1.json
medium,RUID-f1af67c8b42cb914,HF-虚假宣传-001,禁止生产经营添加药品的食品,虚假宣传,高,content,True,fallback,operator_direct,operator_direct,operator_direct,False,clear,low,none,high,direct_fixable,provisional,高风险规则但运营直接处理,未发现明显字段冲突；可低优先级抽检。,D:\G-Vibe coding\广告合规审查智能体\知识图谱\jsonbase\保健食品\20260705_中华人民共和国食品安全法（2025修正）_2025.12.01生效_20260617下载_规则拆解_v1.json
medium,RUID-5b65ff2df7287a67,HF-虚假宣传-001,滋补保健商品不得宣传对重大疾病有效果,虚假宣传,高,content,True,fallback,operator_direct,operator_direct,operator_direct,False,clear,low,none,high,direct_fixable,provisional,高风险规则但运营直接处理,未发现明显字段冲突；可低优先级抽检。,D:\G-Vibe coding\广告合规审查智能体\知识图谱\jsonbase\保健食品\20260705_抖音【滋补保健行业宣传规范】实施细则_规则拆解_v1.json
medium,RUID-8f6f0be42218913f,HF-虚假宣传-001,禁止功效严重虚假宣传,虚假宣传,高,content,True,fallback,legal_review_required,legal_review_required,legal_review_required,False,open,high,heavy,high,not_self_fixable,provisional,content规则依赖重事实核验,未发现明显字段冲突；可低优先级抽检。,D:\G-Vibe coding\广告合规审查智能体\知识图谱\jsonbase\保健食品\20260706_抖音【滋补保健行业宣传规范】实施细则_规则拆解_v1.json
medium,RUID-a9209463e91130ba,HF-虚假宣传-001,滋补保健行业禁止功效虚假宣传,虚假宣传,高,content,True,fallback,legal_review_required,legal_review_required,legal_review_required,False,open,high,heavy,high,not_self_fixable,provisional,content规则依赖重事实核验,未发现明显字段冲突；可低优先级抽检。,D:\G-Vibe coding\广告合规审查智能体\知识图谱\jsonbase\保健食品\20260706_抖音【滋补保健行业宣传规范】实施细则_规则拆解_v1.json
medium,RUID-6a1831b2bd97ee97,HF-虚假宣传-001,食品功效描述真实性要求,虚假宣传,高,content,True,fallback,operator_direct,operator_direct,operator_direct,False,clear,low,none,high,direct_fixable,provisional,高风险规则但运营直接处理,未发现明显字段冲突；可低优先级抽检。,D:\G-Vibe coding\广告合规审查智能体\知识图谱\jsonbase\保健食品\20260706_淘宝网食品行业管理规范_规则拆解_v1.json
medium,RUID-168081152ac6fa9d,HF-虚假宣传-002,保健食品广告不得利用科研单位、学术机构、技术推广机构、行业协会或者专业人士、用户的名义或者形象作推荐、证明,虚假宣传,高,content,True,fallback,operator_direct,operator_direct,operator_direct,False,clear,low,none,medium,direct_fixable,provisional,高风险规则但运营直接处理,未发现明显字段冲突；可低优先级抽检。,D:\G-Vibe coding\广告合规审查智能体\知识图谱\jsonbase\保健食品\20260705_中华人民共和国广告法（2021修正）_2021.04.29生效_20260615下载_规则拆解_v1.json
medium,RUID-c8f99a65aa8e912f,HF-虚假宣传-002,滋补保健商品不得进行功效虚假宣传（含丰胸、壮阳等）,虚假宣传,高,content,True,fallback,operator_direct,operator_direct,operator_direct,False,clear,low,none,high,direct_fixable,provisional,高风险规则但运营直接处理,未发现明显字段冲突；可低优先级抽检。,D:\G-Vibe coding\广告合规审查智能体\知识图谱\jsonbase\保健食品\20260705_抖音【滋补保健行业宣传规范】实施细则_规则拆解_v1.json
medium,RUID-8317b41b0f1c931d,HF-虚假宣传-002,普通食品绿色/有机认证展示要求,标签标识不规范,中,content,False,fallback,operator_supply_docs,operator_direct,operator_supply_docs,False,clear,low,light,medium,guided_fixable,provisional,legal_attention/routing不一致,legal_attention.default_route 与旧 routing.default_route 不一致。,D:\G-Vibe coding\广告合规审查智能体\知识图谱\jsonbase\保健食品\20260706_淘宝网食品行业管理规范_规则拆解_v1.json
medium,RUID-626cbebcdbf3438a,HF-虚假宣传-003,保健食品广告不得说明有效率,虚假宣传,高,content,True,fallback,operator_direct,operator_direct,operator_direct,False,clear,low,none,high,direct_fixable,provisional,高风险规则但运营直接处理,未发现明显字段冲突；可低优先级抽检。,D:\G-Vibe coding\广告合规审查智能体\知识图谱\jsonbase\保健食品\20260705_中华人民共和国广告法（2021修正）_2021.04.29生效_20260615下载_规则拆解_v1.json
medium,RUID-79f7ff14a5af24ee,HF-虚假宣传-003,滋补保健商品不得进行治疗类功效虚假宣传,虚假宣传,高,content,True,fallback,operator_direct,operator_direct,operator_direct,False,clear,low,none,high,direct_fixable,provisional,高风险规则但运营直接处理,未发现明显字段冲突；可低优先级抽检。,D:\G-Vibe coding\广告合规审查智能体\知识图谱\jsonbase\保健食品\20260705_抖音【滋补保健行业宣传规范】实施细则_规则拆解_v1.json
medium,RUID-4a1a7923eead1dbd,HF-虚假宣传-003,禁止真人展示效果,虚假宣传,高,content,True,fallback,operator_direct,operator_direct,operator_direct,False,clear,low,none,medium,direct_fixable,provisional,高风险规则但运营直接处理,未发现明显字段冲突；可低优先级抽检。,D:\G-Vibe coding\广告合规审查智能体\知识图谱\jsonbase\保健食品\20260706_淘宝网食品行业管理规范_规则拆解_v1.json
medium,RUID-59a3f198ff19518c,HF-虚假宣传-004,滋补保健商品不得宣传药用成分,虚假宣传,高,content,False,fallback,operator_direct,operator_direct,operator_direct,False,clear,low,none,high,direct_fixable,provisional,高风险规则但运营直接处理,未发现明显字段冲突；可低优先级抽检。,D:\G-Vibe coding\广告合规审查智能体\知识图谱\jsonbase\保健食品\20260705_抖音【滋补保健行业宣传规范】实施细则_规则拆解_v1.json
medium,RUID-98027a304ce874f3,HF-虚假宣传-004,婴幼儿配方乳粉禁止明示或暗示益智、增强免疫力等功能,虚假宣传,高,content,True,fallback,operator_direct,operator_direct,operator_direct,False,clear,low,none,high,direct_fixable,provisional,高风险规则但运营直接处理,未发现明显字段冲突；可低优先级抽检。,D:\G-Vibe coding\广告合规审查智能体\知识图谱\jsonbase\保健食品\20260706_淘宝网食品行业管理规范_规则拆解_v1.json
medium,RUID-5f89865ecd76debb,HF-虚假宣传-005,滋补保健商品不得进行效果保证宣传,虚假宣传,高,content,True,fallback,operator_direct,operator_direct,operator_direct,False,clear,low,none,high,direct_fixable,provisional,高风险规则但运营直接处理,未发现明显字段冲突；可低优先级抽检。,D:\G-Vibe coding\广告合规审查智能体\知识图谱\jsonbase\保健食品\20260705_抖音【滋补保健行业宣传规范】实施细则_规则拆解_v1.json
medium,RUID-644b0ca0795e37d0,HFAD-005-001,药品广告内容不得超出说明书范围,虚假宣传,高,content,True,fallback,legal_review_required,legal_review_required,legal_review_required,False,contextual,medium,heavy,high,not_self_fixable,provisional,content规则依赖重事实核验,未发现明显字段冲突；可低优先级抽检。,D:\G-Vibe coding\广告合规审查智能体\知识图谱\jsonbase\保健食品\20260705_药品、医疗器械、保健食品、特殊医学用途配方食品广告审查管理暂行办法_2020.03.01生效_20260617下载_规则拆解_v1.json
medium,RUID-1b7d26e87fc96ada,HFAD-005-002,药品广告应显著标明禁忌、不良反应,警示语缺失,高,content,False,fallback,operator_direct,operator_direct,operator_direct,False,clear,low,none,high,direct_fixable,provisional,高风险规则但运营直接处理,未发现明显字段冲突；可低优先级抽检。,D:\G-Vibe coding\广告合规审查智能体\知识图谱\jsonbase\保健食品\20260705_药品、医疗器械、保健食品、特殊医学用途配方食品广告审查管理暂行办法_2020.03.01生效_20260617下载_规则拆解_v1.json
medium,RUID-0da9bda3d0e6d652,HFAD-005-003,处方药广告应显著标明仅供医学药学专业人士阅读,警示语缺失,高,content,False,fallback,operator_direct,operator_direct,operator_direct,False,clear,low,light,high,direct_fixable,provisional,高风险规则但运营直接处理,未发现明显字段冲突；可低优先级抽检。,D:\G-Vibe coding\广告合规审查智能体\知识图谱\jsonbase\保健食品\20260705_药品、医疗器械、保健食品、特殊医学用途配方食品广告审查管理暂行办法_2020.03.01生效_20260617下载_规则拆解_v1.json
medium,RUID-3d78a999f712a16a,HFAD-005-004,非处方药广告应显著标明OTC标识和用药指导语,警示语缺失,高,content,False,fallback,operator_direct,operator_direct,operator_direct,False,clear,low,light,medium,direct_fixable,provisional,高风险规则但运营直接处理,未发现明显字段冲突；可低优先级抽检。,D:\G-Vibe coding\广告合规审查智能体\知识图谱\jsonbase\保健食品\20260705_药品、医疗器械、保健食品、特殊医学用途配方食品广告审查管理暂行办法_2020.03.01生效_20260617下载_规则拆解_v1.json
medium,RUID-d1b36ad901bccd05,HFAD-006-001,医疗器械广告内容不得超出注册/备案范围,功效宣称,高,content,True,fallback,legal_review_required,legal_review_required,legal_review_required,False,contextual,medium,heavy,high,not_self_fixable,provisional,content规则依赖重事实核验,未发现明显字段冲突；可低优先级抽检。,D:\G-Vibe coding\广告合规审查智能体\知识图谱\jsonbase\保健食品\20260705_药品、医疗器械、保健食品、特殊医学用途配方食品广告审查管理暂行办法_2020.03.01生效_20260617下载_规则拆解_v1.json
medium,RUID-b8e685b187eb50dc,HFAD-006-002,推荐给个人自用的医疗器械广告应标注警示语,警示语缺失,高,content,True,fallback,operator_supply_docs,operator_direct,operator_supply_docs,False,contextual,medium,light,medium,guided_fixable,provisional,legal_attention/routing不一致,legal_attention.default_route 与旧 routing.default_route 不一致。,D:\G-Vibe coding\广告合规审查智能体\知识图谱\jsonbase\保健食品\20260705_药品、医疗器械、保健食品、特殊医学用途配方食品广告审查管理暂行办法_2020.03.01生效_20260617下载_规则拆解_v1.json
medium,RUID-4b454ff24c9e4433,HFAD-011-001,保健食品广告不得使用或变相使用国家机关、军队名义或形象,虚假宣传,高,content,True,fallback,operator_direct,operator_direct,operator_direct,False,clear,low,none,high,direct_fixable,provisional,高风险规则但运营直接处理,未发现明显字段冲突；可低优先级抽检。,D:\G-Vibe coding\广告合规审查智能体\知识图谱\jsonbase\保健食品\20260705_药品、医疗器械、保健食品、特殊医学用途配方食品广告审查管理暂行办法_2020.03.01生效_20260617下载_规则拆解_v1.json
medium,RUID-92f0e76f37a2a1a1,HFAD-011-002,保健食品广告不得使用科研单位、学术机构、专家、患者等名义作推荐证明,虚假宣传,高,content,True,fallback,operator_direct,operator_direct,operator_direct,False,clear,low,none,high,direct_fixable,provisional,高风险规则但运营直接处理,未发现明显字段冲突；可低优先级抽检。,D:\G-Vibe coding\广告合规审查智能体\知识图谱\jsonbase\保健食品\20260705_药品、医疗器械、保健食品、特殊医学用途配方食品广告审查管理暂行办法_2020.03.01生效_20260617下载_规则拆解_v1.json
medium,RUID-6efa7659f3450f13,HFAD-011-003,保健食品广告不得明示或暗示治疗所有疾病、适应所有症状或人群,虚假宣传,高,content,True,fallback,operator_direct,operator_direct,operator_direct,False,clear,low,none,high,direct_fixable,provisional,高风险规则但运营直接处理,未发现明显字段冲突；可低优先级抽检。,D:\G-Vibe coding\广告合规审查智能体\知识图谱\jsonbase\保健食品\20260705_药品、医疗器械、保健食品、特殊医学用途配方食品广告审查管理暂行办法_2020.03.01生效_20260617下载_规则拆解_v1.json
medium,RUID-e7d2e2cdb220f570,HFAD-011-004,保健食品广告不得引起公众对健康状况的不必要担忧或误解不使用会患病,虚假宣传,高,content,True,fallback,operator_direct,operator_direct,operator_direct,False,contextual,medium,none,high,guided_fixable,provisional,高风险规则但运营直接处理,未发现明显字段冲突；可低优先级抽检。,D:\G-Vibe coding\广告合规审查智能体\知识图谱\jsonbase\保健食品\20260705_药品、医疗器械、保健食品、特殊医学用途配方食品广告审查管理暂行办法_2020.03.01生效_20260617下载_规则拆解_v1.json
medium,RUID-c2426548e3dec9be,HFAD-011-005,保健食品广告不得含有安全、无毒副作用、天然等安全性保证内容,虚假宣传,高,content,True,fallback,operator_direct,operator_direct,operator_direct,False,clear,low,none,high,direct_fixable,provisional,高风险规则但运营直接处理,未发现明显字段冲突；可低优先级抽检。,D:\G-Vibe coding\广告合规审查智能体\知识图谱\jsonbase\保健食品\20260705_药品、医疗器械、保健食品、特殊医学用途配方食品广告审查管理暂行办法_2020.03.01生效_20260617下载_规则拆解_v1.json
medium,RUID-46a3b2929ec38ac1,HFAD-011-006,保健食品广告不得含有热销抢购、评比推荐、无效退款等诱导性或保证性内容,虚假宣传,高,content,True,fallback,operator_direct,operator_direct,operator_direct,False,clear,low,none,high,direct_fixable,provisional,高风险规则但运营直接处理,未发现明显字段冲突；可低优先级抽检。,D:\G-Vibe coding\广告合规审查智能体\知识图谱\jsonbase\保健食品\20260705_药品、医疗器械、保健食品、特殊医学用途配方食品广告审查管理暂行办法_2020.03.01生效_20260617下载_规则拆解_v1.json
medium,RUID-6a323a0b14d7d363,HFAD-011-007,保健食品广告不得含有医疗机构名称、地址、联系方式等医疗服务内容,虚假宣传,高,content,True,fallback,operator_direct,operator_direct,operator_direct,False,clear,low,none,high,direct_fixable,provisional,高风险规则但运营直接处理,未发现明显字段冲突；可低优先级抽检。,D:\G-Vibe coding\广告合规审查智能体\知识图谱\jsonbase\保健食品\20260705_药品、医疗器械、保健食品、特殊医学用途配方食品广告审查管理暂行办法_2020.03.01生效_20260617下载_规则拆解_v1.json
medium,RUID-614244579dcd364b,HFAD-020-001,保健食品广告内容与审查批准内容一致性要求,其他,高,content,True,fallback,legal_review_required,legal_review_required,legal_review_required,False,contextual,medium,heavy,high,not_self_fixable,provisional,content规则依赖重事实核验,未发现明显字段冲突；可低优先级抽检。,D:\G-Vibe coding\广告合规审查智能体\知识图谱\jsonbase\保健食品\20260705_药品、医疗器械、保健食品、特殊医学用途配方食品广告审查管理暂行办法_2020.03.01生效_20260617下载_规则拆解_v1.json
medium,RUID-48d348b4e9dadd19,HFAD-021-001,禁止发布广告的保健食品范围（麻醉、精神、毒性、放射性等）,平台准入/资质不符,高,content,False,fallback,operator_direct,operator_direct,operator_direct,False,clear,low,none,high,direct_fixable,provisional,高风险规则但运营直接处理,未发现明显字段冲突；可低优先级抽检。,D:\G-Vibe coding\广告合规审查智能体\知识图谱\jsonbase\保健食品\20260705_药品、医疗器械、保健食品、特殊医学用途配方食品广告审查管理暂行办法_2020.03.01生效_20260617下载_规则拆解_v1.json
medium,RUID-f26b595d3da68806,IAM-ADID-001,禁止以健康养生知识形式变相发布保健食品广告,广告可识别性不足,高,content,True,fallback,legal_review_required,operator_direct,legal_review_required,False,open,high,light,high,not_self_fixable,provisional,legal_attention/routing不一致,legal_attention.default_route 与旧 routing.default_route 不一致。,D:\G-Vibe coding\广告合规审查智能体\知识图谱\jsonbase\保健食品\20260705_互联网广告管理办法_2023.05.01生效_20260615下载_规则拆解_v1.json
medium,RUID-755980d0d5f2327c,IAM-ADID-001,互联网广告应具有可识别性，不得变相发布保健食品广告,广告可识别性不足,中,content,True,fallback,legal_review_required,operator_direct,legal_review_required,False,open,high,light,medium,guided_fixable,provisional,legal_attention/routing不一致,legal_attention.default_route 与旧 routing.default_route 不一致。,D:\G-Vibe coding\广告合规审查智能体\知识图谱\jsonbase\保健食品\20260705_互联网广告管理办法_2023.05.01生效_20260615下载_规则拆解_v1.json
medium,RUID-cdccbb5ccd860a81,IAM-ADID-001,互联网广告应具有可识别性，显著标明广告,广告可识别性不足,中,content,True,fallback,operator_supply_docs,operator_direct,operator_supply_docs,False,contextual,medium,light,medium,guided_fixable,provisional,legal_attention/routing不一致,legal_attention.default_route 与旧 routing.default_route 不一致。,D:\G-Vibe coding\广告合规审查智能体\知识图谱\jsonbase\美妆\20260705_互联网广告管理办法_2023.05.01生效_20260615下载_规则拆解_v1.json
medium,RUID-3d4e12572aa3d0f4,IAM-ADID-003,通过知识介绍、体验分享、消费测评等形式推销并附加购物链接的，应显著标明“广告”,广告可识别性不足,中,content,True,fallback,operator_supply_docs,operator_direct,operator_supply_docs,False,contextual,medium,light,medium,guided_fixable,provisional,legal_attention/routing不一致,legal_attention.default_route 与旧 routing.default_route 不一致。,D:\G-Vibe coding\广告合规审查智能体\知识图谱\jsonbase\保健食品\20260705_互联网广告管理办法_2023.05.01生效_20260615下载_规则拆解_v1.json
medium,RUID-f96fdddd57b5d7f6,IAM-ADV-001,广告主对互联网广告内容真实性负责,虚假宣传,高,content,True,fallback,legal_review_required,operator_direct,legal_review_required,False,open,high,heavy,high,not_self_fixable,provisional,legal_attention/routing不一致；content规则依赖重事实核验,legal_attention.default_route 与旧 routing.default_route 不一致。,D:\G-Vibe coding\广告合规审查智能体\知识图谱\jsonbase\保健食品\20260705_互联网广告管理办法_2023.05.01生效_20260615下载_规则拆解_v1.json
medium,RUID-039442fb66bdb67d,IAM-ADV-001,广告主对互联网广告内容真实性负责,虚假宣传,高,content,True,fallback,legal_review_required,legal_review_required,legal_review_required,False,open,high,heavy,high,not_self_fixable,provisional,content规则依赖重事实核验,未发现明显字段冲突；可低优先级抽检。,D:\G-Vibe coding\广告合规审查智能体\知识图谱\jsonbase\美妆\20260705_互联网广告管理办法_2023.05.01生效_20260615下载_规则拆解_v1.json
medium,RUID-1465ef255748ed7f,IAM-ADV-001,直播营销构成商业广告时广告主责任认定,广告代言不合规,中,content,False,fallback,operator_supply_docs,operator_direct,operator_supply_docs,False,contextual,medium,light,medium,guided_fixable,provisional,legal_attention/routing不一致,legal_attention.default_route 与旧 routing.default_route 不一致。,D:\G-Vibe coding\广告合规审查智能体\知识图谱\jsonbase\美妆\20260705_互联网广告管理办法_2023.05.01生效_20260615下载_规则拆解_v1.json
medium,RUID-0f8c44ce896ef618,IAM-ADV-002,保健食品广告内容不得剪辑拼接修改,虚假宣传,高,content,False,fallback,operator_supply_docs,operator_supply_docs,operator_supply_docs,False,contextual,low,heavy,high,not_self_fixable,provisional,content规则依赖重事实核验,未发现明显字段冲突；可低优先级抽检。,D:\G-Vibe coding\广告合规审查智能体\知识图谱\jsonbase\保健食品\20260705_互联网广告管理办法_2023.05.01生效_20260615下载_规则拆解_v1.json
medium,RUID-778e0278994f809d,IAM-ADV-004,直播营销人员以自己名义或形象推荐商品构成广告代言的责任认定,广告代言不合规,中,content,False,fallback,operator_supply_docs,operator_direct,operator_supply_docs,False,contextual,medium,light,medium,guided_fixable,provisional,legal_attention/routing不一致,legal_attention.default_route 与旧 routing.default_route 不一致。,D:\G-Vibe coding\广告合规审查智能体\知识图谱\jsonbase\美妆\20260705_互联网广告管理办法_2023.05.01生效_20260615下载_规则拆解_v1.json
medium,RUID-51a486d7d09d8797,IAM-BAN-001,互联网不得发布禁售商品和烟草处方药广告,平台准入/资质不符,高,content,False,fallback,operator_direct,operator_direct,operator_direct,False,clear,low,none,high,direct_fixable,provisional,高风险规则但运营直接处理,未发现明显字段冲突；可低优先级抽检。,D:\G-Vibe coding\广告合规审查智能体\知识图谱\jsonbase\20260623_互联网广告管理办法_通用规则_v1.json
medium,RUID-b3b033f04fde5663,IAM-CLICK-001,不得欺骗误导用户点击浏览广告,用户评价/种草误导,中,content,True,primary,legal_review_required,legal_review_required,legal_review_required,False,contextual,high,heavy,medium,not_self_fixable,provisional,content规则依赖重事实核验,未发现明显字段冲突；可低优先级抽检。,D:\G-Vibe coding\广告合规审查智能体\知识图谱\jsonbase\20260623_互联网广告管理办法_通用规则_v1.json
medium,RUID-914a0f638c7f7019,IAM-DEC-001,禁止以虚假系统提示欺骗用户点击广告,虚假宣传,高,content,True,fallback,operator_direct,operator_direct,operator_direct,False,clear,low,none,medium,direct_fixable,provisional,高风险规则但运营直接处理,未发现明显字段冲突；可低优先级抽检。,D:\G-Vibe coding\广告合规审查智能体\知识图谱\jsonbase\保健食品\20260705_互联网广告管理办法_2023.05.01生效_20260615下载_规则拆解_v1.json
medium,RUID-6ed749d90af32615,IAM-HF-001,禁止在未成年人媒介上发布保健食品广告,未成年人保护,高,content,True,fallback,operator_supply_docs,operator_direct,operator_supply_docs,False,contextual,medium,light,high,guided_fixable,provisional,legal_attention/routing不一致,legal_attention.default_route 与旧 routing.default_route 不一致。,D:\G-Vibe coding\广告合规审查智能体\知识图谱\jsonbase\保健食品\20260705_互联网广告管理办法_2023.05.01生效_20260615下载_规则拆解_v1.json
medium,RUID-b7071deb3c78bd4d,IAM-LINK-001,含链接广告应核对下一级链接内容,虚假宣传,中,content,False,fallback,operator_supply_docs,operator_supply_docs,operator_supply_docs,False,contextual,medium,heavy,medium,not_self_fixable,provisional,content规则依赖重事实核验,未发现明显字段冲突；可低优先级抽检。,D:\G-Vibe coding\广告合规审查智能体\知识图谱\jsonbase\20260623_互联网广告管理办法_通用规则_v1.json
medium,RUID-4ad17513ff7e0cb3,IAM-LIVE-001,直播推销构成广告时承担广告主责任,广告代言不合规,中,content,True,fallback,legal_review_required,legal_review_required,legal_review_required,False,open,high,heavy,medium,not_self_fixable,provisional,content规则依赖重事实核验,未发现明显字段冲突；可低优先级抽检。,D:\G-Vibe coding\广告合规审查智能体\知识图谱\jsonbase\20260623_互联网广告管理办法_通用规则_v1.json
medium,RUID-6f4d76fd2b5089b7,IAM-MED-002,健康养生知识页面不得同时出现保健食品经营者地址、联系方式或购物链接,虚假宣传,高,content,False,fallback,operator_direct,operator_direct,operator_direct,False,clear,low,none,medium,direct_fixable,provisional,高风险规则但运营直接处理,未发现明显字段冲突；可低优先级抽检。,D:\G-Vibe coding\广告合规审查智能体\知识图谱\jsonbase\美妆\20260705_互联网广告管理办法_2023.05.01生效_20260615下载_规则拆解_v1.json
medium,RUID-53734cf5bc93c2fc,IAM-MP-001,禁止在未成年人互联网媒介上发布化妆品广告,未成年人保护,高,content,True,fallback,legal_review_required,legal_review_required,legal_review_required,False,contextual,medium,heavy,high,not_self_fixable,provisional,content规则依赖重事实核验,未发现明显字段冲突；可低优先级抽检。,D:\G-Vibe coding\广告合规审查智能体\知识图谱\jsonbase\美妆\20260705_互联网广告管理办法_2023.05.01生效_20260615下载_规则拆解_v1.json
medium,RUID-91a3f462c70fa297,IAM-POPUP-001,弹窗开屏广告应确保一键关闭,其他,中,content,False,fallback,operator_supply_docs,operator_supply_docs,operator_supply_docs,False,clear,low,heavy,medium,guided_fixable,provisional,content规则依赖重事实核验,未发现明显字段冲突；可低优先级抽检。,D:\G-Vibe coding\广告合规审查智能体\知识图谱\jsonbase\20260623_互联网广告管理办法_通用规则_v1.json
medium,RUID-a63b27d22e01c149,IAM-PRE-002,须经审查的互联网广告应严格按照审查通过内容发布，不得剪辑拼接修改,虚假宣传,高,content,False,fallback,legal_review_required,operator_supply_docs,legal_review_required,False,contextual,medium,heavy,high,not_self_fixable,provisional,legal_attention/routing不一致；content规则依赖重事实核验,legal_attention.default_route 与旧 routing.default_route 不一致。,D:\G-Vibe coding\广告合规审查智能体\知识图谱\jsonbase\美妆\20260705_互联网广告管理办法_2023.05.01生效_20260615下载_规则拆解_v1.json
medium,RUID-93798668f857df02,IAM-PRO-001,禁止利用互联网发布处方药广告,其他,高,content,True,fallback,operator_direct,operator_direct,operator_direct,False,clear,low,none,high,direct_fixable,provisional,高风险规则但运营直接处理,未发现明显字段冲突；可低优先级抽检。,D:\G-Vibe coding\广告合规审查智能体\知识图谱\jsonbase\保健食品\20260705_互联网广告管理办法_2023.05.01生效_20260615下载_规则拆解_v1.json
medium,RUID-5535310d2c5fae3c,IAM-PROHIBITED-001,禁止利用互联网发布烟草（含电子烟）广告,其他,高,content,False,fallback,operator_direct,operator_direct,operator_direct,False,clear,low,none,high,direct_fixable,provisional,高风险规则但运营直接处理,未发现明显字段冲突；可低优先级抽检。,D:\G-Vibe coding\广告合规审查智能体\知识图谱\jsonbase\美妆\20260705_互联网广告管理办法_2023.05.01生效_20260615下载_规则拆解_v1.json
medium,RUID-13d70004e8a6ea41,IAM-PROHIBITED-002,禁止利用互联网发布处方药广告,其他,高,content,False,fallback,operator_direct,operator_direct,operator_direct,False,clear,low,none,high,direct_fixable,provisional,高风险规则但运营直接处理,未发现明显字段冲突；可低优先级抽检。,D:\G-Vibe coding\广告合规审查智能体\知识图谱\jsonbase\美妆\20260705_互联网广告管理办法_2023.05.01生效_20260615下载_规则拆解_v1.json
medium,RUID-cf8b8f0ced821552,IAM-SEND-001,发布发送互联网广告不得影响正常使用,其他,中,content,True,fallback,legal_review_required,legal_review_required,legal_review_required,False,contextual,medium,heavy,medium,not_self_fixable,provisional,content规则依赖重事实核验,未发现明显字段冲突；可低优先级抽检。,D:\G-Vibe coding\广告合规审查智能体\知识图谱\jsonbase\20260623_互联网广告管理办法_通用规则_v1.json
medium,RUID-d8b2091501dd10bf,LMM-FALSE-001,直播营销禁止发布虚假或引人误解信息,虚假宣传,高,content,True,fallback,legal_review_required,operator_direct,legal_review_required,False,open,high,heavy,high,not_self_fixable,provisional,legal_attention/routing不一致；content规则依赖重事实核验,legal_attention.default_route 与旧 routing.default_route 不一致。,D:\G-Vibe coding\广告合规审查智能体\知识图谱\jsonbase\美妆\20260705_网络直播营销管理办法（试行）_2021.05.25生效_20260615下载_规则拆解_v1.json
medium,RUID-c8581a8186897da7,LMM-FRAUD-002,直播营销禁止数据流量造假,概率造假,高,content,True,fallback,operator_direct,operator_direct,operator_direct,False,clear,low,none,high,direct_fixable,provisional,高风险规则但运营直接处理,未发现明显字段冲突；可低优先级抽检。,D:\G-Vibe coding\广告合规审查智能体\知识图谱\jsonbase\美妆\20260705_网络直播营销管理办法（试行）_2021.05.25生效_20260615下载_规则拆解_v1.json
medium,RUID-a34619e0a54aad98,TB-COSM-001,商品信息不得含医疗术语或暗示医疗作用,涉医疗宣传,高,content,True,fallback,operator_direct,operator_direct,operator_direct,False,clear,low,none,medium,direct_fixable,provisional,高风险规则但运营直接处理,未发现明显字段冲突；可低优先级抽检。,D:\G-Vibe coding\广告合规审查智能体\知识图谱\jsonbase\美妆\20260705_淘宝网化妆品行业管理规范_规则拆解_v1.json
medium,RUID-a32401789d437490,TB-COSM-002,非特殊化妆品不得宣称特妆功效,功效超备案,高,content,True,fallback,legal_review_required,operator_supply_docs,legal_review_required,False,contextual,medium,heavy,high,not_self_fixable,provisional,legal_attention/routing不一致；content规则依赖重事实核验,legal_attention.default_route 与旧 routing.default_route 不一致。,D:\G-Vibe coding\广告合规审查智能体\知识图谱\jsonbase\美妆\20260705_淘宝网化妆品行业管理规范_规则拆解_v1.json
medium,RUID-c076901bee9c8422,TB-COSM-002,组合商品中化妆品须遵守本规范,其他,中,content,True,fallback,operator_supply_docs,operator_direct,operator_supply_docs,False,contextual,medium,light,medium,guided_fixable,provisional,legal_attention/routing不一致,legal_attention.default_route 与旧 routing.default_route 不一致。,D:\G-Vibe coding\广告合规审查智能体\知识图谱\jsonbase\美妆\20260706_淘宝网化妆品行业管理规范_规则拆解_v1.json
medium,RUID-d23e1234197e3dca,TB-COSM-003,临保商品须在标题和详情明示保质期信息,标签标识不规范,中,content,False,fallback,operator_supply_docs,operator_supply_docs,operator_supply_docs,False,contextual,low,heavy,medium,guided_fixable,provisional,content规则依赖重事实核验,未发现明显字段冲突；可低优先级抽检。,D:\G-Vibe coding\广告合规审查智能体\知识图谱\jsonbase\美妆\20260705_淘宝网化妆品行业管理规范_规则拆解_v1.json
medium,RUID-e255eaff8d3be92b,TB-COSM-003,不得发布无生产资质来源的自行配制、分装化妆品,虚假宣传,高,content,False,fallback,operator_direct,operator_direct,operator_direct,False,clear,low,none,high,direct_fixable,provisional,高风险规则但运营直接处理,未发现明显字段冲突；可低优先级抽检。,D:\G-Vibe coding\广告合规审查智能体\知识图谱\jsonbase\美妆\20260706_淘宝网化妆品行业管理规范_规则拆解_v1.json
medium,RUID-6ea64d73fc90fed9,TB-COSM-005,儿童化妆品认定标准,未成年人保护,高,content,True,fallback,operator_direct,operator_direct,operator_direct,False,contextual,medium,none,high,guided_fixable,provisional,高风险规则但运营直接处理,未发现明显字段冲突；可低优先级抽检。,D:\G-Vibe coding\广告合规审查智能体\知识图谱\jsonbase\美妆\20260706_淘宝网化妆品行业管理规范_规则拆解_v1.json
medium,RUID-14ae1924362706e1,TB-HF-002,临期食品标注要求,标签标识不规范,中,content,True,fallback,operator_supply_docs,operator_direct,operator_supply_docs,False,clear,low,light,medium,guided_fixable,provisional,legal_attention/routing不一致,legal_attention.default_route 与旧 routing.default_route 不一致。,D:\G-Vibe coding\广告合规审查智能体\知识图谱\jsonbase\保健食品\20260705_淘宝网食品行业管理规范_规则拆解_v1.json
medium,RUID-6a53a40ee3899dba,TB-HF-003,食品功效描述真实性要求,虚假宣传,高,content,True,fallback,operator_supply_docs,operator_direct,operator_supply_docs,False,contextual,medium,light,high,guided_fixable,provisional,legal_attention/routing不一致,legal_attention.default_route 与旧 routing.default_route 不一致。,D:\G-Vibe coding\广告合规审查智能体\知识图谱\jsonbase\保健食品\20260705_淘宝网食品行业管理规范_规则拆解_v1.json
medium,RUID-9b40a26e5b315d6d,TB-HF-004,婴幼儿配方乳粉禁止明示或暗示益智等功能,虚假宣传,高,content,True,fallback,operator_direct,operator_direct,operator_direct,False,contextual,medium,none,high,guided_fixable,provisional,高风险规则但运营直接处理,未发现明显字段冲突；可低优先级抽检。,D:\G-Vibe coding\广告合规审查智能体\知识图谱\jsonbase\保健食品\20260705_淘宝网食品行业管理规范_规则拆解_v1.json
medium,RUID-90f0f330fbd84ecb,XHS-AD-001,美妆广告禁止使用绝对化用语,绝对化用语,高,content,True,fallback,operator_supply_docs,operator_direct,operator_supply_docs,False,clear,low,light,high,guided_fixable,provisional,legal_attention/routing不一致,legal_attention.default_route 与旧 routing.default_route 不一致。,D:\G-Vibe coding\广告合规审查智能体\知识图谱\jsonbase\美妆\20260706_小红书【聚光】美妆&行业规范_规则拆解_v1.json
medium,RUID-14302e5470dd2348,XHS-COSM-001,原育发产品2026年1月1日起不可宣传育发功效,功效宣称,高,content,False,fallback,operator_direct,operator_direct,operator_direct,False,clear,low,none,high,direct_fixable,provisional,高风险规则但运营直接处理,未发现明显字段冲突；可低优先级抽检。,D:\G-Vibe coding\广告合规审查智能体\知识图谱\jsonbase\美妆\20260705_小红书【广告内容规范提醒】——美妆育发产品_规则拆解_v1.json
medium,RUID-21bbfdd0c18d269e,XHS-COSM-001,广告素材涉及第三方合作需提供合作证明/授权,广告代言不合规,中,content,True,fallback,operator_supply_docs,operator_supply_docs,operator_supply_docs,False,contextual,medium,heavy,medium,guided_fixable,provisional,content规则依赖重事实核验,未发现明显字段冲突；可低优先级抽检。,D:\G-Vibe coding\广告合规审查智能体\知识图谱\jsonbase\美妆\20260705_小红书聚光帮助中心-文档_规则拆解_v1.json
medium,RUID-2ce222fc1979af66,XHS-COSM-001,原育发产品禁止宣传育发功效（2026年1月1日起）,功效宣称,高,content,True,fallback,operator_direct,operator_direct,operator_direct,False,clear,low,none,high,direct_fixable,provisional,高风险规则但运营直接处理,未发现明显字段冲突；可低优先级抽检。,D:\G-Vibe coding\广告合规审查智能体\知识图谱\jsonbase\美妆\20260706_小红书【广告内容规范提醒】——美妆育发产品_规则拆解_v1.json
medium,RUID-90d6074f3706ee70,XHS-COSM-001,涉及生发类描述按医疗产品功效管理,涉医疗宣传,高,content,True,fallback,operator_direct,operator_direct,operator_direct,False,clear,low,none,high,direct_fixable,provisional,高风险规则但运营直接处理,未发现明显字段冲突；可低优先级抽检。,D:\G-Vibe coding\广告合规审查智能体\知识图谱\jsonbase\美妆\20260706_小红书【广告内容规范提醒】——美妆育发产品_规则拆解_v1.json
medium,RUID-36253635404eb86d,XHS-COSM-001,美妆个护广告中“专业”词汇使用限制,虚假宣传,中,content,True,fallback,operator_supply_docs,operator_direct,operator_supply_docs,False,contextual,medium,light,medium,guided_fixable,provisional,legal_attention/routing不一致,legal_attention.default_route 与旧 routing.default_route 不一致。,D:\G-Vibe coding\广告合规审查智能体\知识图谱\jsonbase\美妆\20260706_小红书【美妆个护】广告内容规范调整_规则拆解_v1.json
medium,RUID-058b7d8f6e5465f4,XHS-COSM-001,普通化妆品功效宣称需提供备案证明,功效超备案,中,content,True,fallback,operator_supply_docs,operator_supply_docs,operator_supply_docs,False,contextual,medium,heavy,medium,not_self_fixable,provisional,content规则依赖重事实核验,未发现明显字段冲突；可低优先级抽检。,D:\G-Vibe coding\广告合规审查智能体\知识图谱\jsonbase\美妆\20260706_小红书【美妆个护行业投放规则】使用手册_规则拆解_v1.json
medium,RUID-95a30e7866d1ecf2,XHS-COSM-001,不得涉及承诺保证,虚假宣传,高,content,True,fallback,operator_direct,operator_direct,operator_direct,False,clear,low,none,medium,direct_fixable,provisional,高风险规则但运营直接处理,未发现明显字段冲突；可低优先级抽检。,D:\G-Vibe coding\广告合规审查智能体\知识图谱\jsonbase\美妆\20260706_小红书【美妆个护行业投放规则】使用手册_规则拆解_v1.json
medium,RUID-85f45afaf3f2f2b1,XHS-COSM-001,化妆品宣传不得涉及医疗功效描述,涉医疗宣传,高,content,True,fallback,operator_direct,operator_direct,operator_direct,False,clear,low,none,medium,direct_fixable,provisional,高风险规则但运营直接处理,未发现明显字段冲突；可低优先级抽检。,D:\G-Vibe coding\广告合规审查智能体\知识图谱\jsonbase\美妆\20260706_小红书【美妆个护行业投放规则】使用手册_规则拆解_v1.json
medium,RUID-afeaaa02433a0ae9,XHS-COSM-001,美妆产品广告禁止涉及医疗病症、医疗产品、疾病治疗功能及使用医疗用语,涉医疗宣传,高,content,True,fallback,operator_direct,operator_direct,operator_direct,False,clear,low,none,high,direct_fixable,provisional,高风险规则但运营直接处理,未发现明显字段冲突；可低优先级抽检。,D:\G-Vibe coding\广告合规审查智能体\知识图谱\jsonbase\美妆\20260706_小红书【聚光】美妆&行业规范_规则拆解_v1.json
medium,RUID-0e362427b809c145,XHS-COSM-001,禁止涉及医疗术语、专业名词内容,涉医疗宣传,高,content,True,fallback,operator_direct,operator_direct,operator_direct,False,clear,low,none,medium,direct_fixable,provisional,高风险规则但运营直接处理,未发现明显字段冲突；可低优先级抽检。,D:\G-Vibe coding\广告合规审查智能体\知识图谱\jsonbase\美妆\20260706_小红书【聚光】美妆&行业规范_规则拆解_v1.json
medium,RUID-bce96594043b2952,XHS-COSM-001,禁止涉及药妆、医学护肤产品类内容,涉医疗宣传,高,content,True,fallback,operator_direct,operator_direct,operator_direct,False,clear,low,none,medium,direct_fixable,provisional,高风险规则但运营直接处理,未发现明显字段冲突；可低优先级抽检。,D:\G-Vibe coding\广告合规审查智能体\知识图谱\jsonbase\美妆\20260706_小红书【聚光】美妆&行业规范_规则拆解_v1.json
medium,RUID-fdd512a0afc4c090,XHS-COSM-001,禁止美妆产品宣传涉及医美项目名称,涉医疗宣传,高,content,True,fallback,operator_direct,operator_direct,operator_direct,False,clear,low,none,medium,direct_fixable,provisional,高风险规则但运营直接处理,未发现明显字段冲突；可低优先级抽检。,D:\G-Vibe coding\广告合规审查智能体\知识图谱\jsonbase\美妆\20260706_小红书【聚光】美妆&行业规范_规则拆解_v1.json
medium,RUID-b855ff84bc732716,XHS-COSM-001,美妆产品广告不得对产品安全性做出保证性承诺,虚假宣传,高,content,True,fallback,operator_direct,operator_direct,operator_direct,False,clear,low,none,medium,direct_fixable,provisional,高风险规则但运营直接处理,未发现明显字段冲突；可低优先级抽检。,D:\G-Vibe coding\广告合规审查智能体\知识图谱\jsonbase\美妆\20260706_小红书【聚光】美妆&行业规范_规则拆解_v1.json
medium,RUID-3bc2e54897b4b0bb,XHS-COSM-001,牙膏非基础清洁类功效宣传需提供备案功效宣称资质证明或功效检测报告,功效宣称,中,content,False,fallback,operator_supply_docs,operator_supply_docs,operator_supply_docs,False,contextual,medium,heavy,medium,not_self_fixable,provisional,content规则依赖重事实核验,未发现明显字段冲突；可低优先级抽检。,D:\G-Vibe coding\广告合规审查智能体\知识图谱\jsonbase\美妆\20260706_小红书【聚光】美妆&行业规范_规则拆解_v1.json
medium,RUID-24587804b9ccbf09,XHS-COSM-001,事实性描述需提供证明材料且描述与材料一致,虚假宣传,中,content,True,fallback,operator_supply_docs,operator_supply_docs,operator_supply_docs,False,contextual,medium,heavy,medium,guided_fixable,provisional,content规则依赖重事实核验,未发现明显字段冲突；可低优先级抽检。,D:\G-Vibe coding\广告合规审查智能体\知识图谱\jsonbase\美妆\20260706_小红书聚光帮助中心-文档_规则拆解_v1.json
medium,RUID-4c6c470923121bc1,XHS-COSM-001,成分/材质宣传需提供证明材料,虚假宣传,中,content,True,fallback,operator_supply_docs,operator_supply_docs,operator_supply_docs,False,clear,low,heavy,medium,guided_fixable,provisional,content规则依赖重事实核验,未发现明显字段冲突；可低优先级抽检。,D:\G-Vibe coding\广告合规审查智能体\知识图谱\jsonbase\美妆\20260706_小红书聚光帮助中心-文档_规则拆解_v1.json
medium,RUID-55f3ce01aa182031,XHS-COSM-001,珠宝玉石鉴定证书材质与广告宣传一致性,虚假宣传,中,content,True,fallback,operator_supply_docs,operator_supply_docs,operator_supply_docs,False,contextual,medium,heavy,medium,not_self_fixable,provisional,content规则依赖重事实核验,未发现明显字段冲突；可低优先级抽检。,D:\G-Vibe coding\广告合规审查智能体\知识图谱\jsonbase\美妆\20260706_小红书聚光帮助中心-文档_规则拆解_v1.json
medium,RUID-6dcf2f6c5000348c,XHS-COSM-001,美妆产品广告不得涉及医疗保健功效，除非完成行业认证,涉医疗宣传,高,content,True,fallback,legal_review_required,operator_direct,legal_review_required,False,contextual,medium,heavy,high,not_self_fixable,provisional,legal_attention/routing不一致；content规则依赖重事实核验,legal_attention.default_route 与旧 routing.default_route 不一致。,D:\G-Vibe coding\广告合规审查智能体\知识图谱\jsonbase\美妆\20260706_小红书聚光帮助中心-文档_规则拆解_v1.json
medium,RUID-9065d5794fd5a8fa,XHS-COSM-002,防脱产品及普通化妆品不可宣传育发功效,功效宣称,高,content,False,fallback,operator_direct,operator_direct,operator_direct,False,clear,low,none,medium,direct_fixable,provisional,高风险规则但运营直接处理,未发现明显字段冲突；可低优先级抽检。,D:\G-Vibe coding\广告合规审查智能体\知识图谱\jsonbase\美妆\20260705_小红书【广告内容规范提醒】——美妆育发产品_规则拆解_v1.json
medium,RUID-a01290d271d5ba30,XHS-COSM-002,广告素材中事实性描述需提供证明材料,虚假宣传,高,content,True,fallback,operator_supply_docs,operator_supply_docs,operator_supply_docs,False,contextual,medium,heavy,medium,guided_fixable,provisional,content规则依赖重事实核验,未发现明显字段冲突；可低优先级抽检。,D:\G-Vibe coding\广告合规审查智能体\知识图谱\jsonbase\美妆\20260705_小红书聚光帮助中心-文档_规则拆解_v1.json
medium,RUID-cd41a7f4f052dfd7,XHS-COSM-002,美妆产品广告宣传内容应当真实、合法，不得含有虚假或者引人误解的内容,虚假宣传,高,content,True,fallback,legal_review_required,legal_review_required,legal_review_required,False,open,high,heavy,high,not_self_fixable,provisional,content规则依赖重事实核验,未发现明显字段冲突；可低优先级抽检。,D:\G-Vibe coding\广告合规审查智能体\知识图谱\jsonbase\美妆\20260706_小红书【聚光】美妆&行业规范_规则拆解_v1.json
medium,RUID-024eb0c84033865b,XHS-COSM-002,禁止涉及医疗病症或暗示产品具有医疗功效,涉医疗宣传,高,content,True,fallback,operator_direct,operator_direct,operator_direct,False,clear,low,none,medium,direct_fixable,provisional,高风险规则但运营直接处理,未发现明显字段冲突；可低优先级抽检。,D:\G-Vibe coding\广告合规审查智能体\知识图谱\jsonbase\美妆\20260706_小红书【聚光】美妆&行业规范_规则拆解_v1.json
medium,RUID-d556a8b00b4ce0bc,XHS-COSM-002,禁止涉及或暗示产品具有生发功效,虚假宣传,高,content,True,fallback,operator_direct,operator_direct,operator_direct,False,clear,low,none,high,direct_fixable,provisional,高风险规则但运营直接处理,未发现明显字段冲突；可低优先级抽检。,D:\G-Vibe coding\广告合规审查智能体\知识图谱\jsonbase\美妆\20260706_小红书【聚光】美妆&行业规范_规则拆解_v1.json
medium,RUID-fd8cb4eea586643c,XHS-COSM-002,美妆产品广告不得对产品效果做出时间性保证承诺,虚假宣传,高,content,True,fallback,operator_direct,operator_direct,operator_direct,False,clear,low,none,medium,direct_fixable,provisional,高风险规则但运营直接处理,未发现明显字段冲突；可低优先级抽检。,D:\G-Vibe coding\广告合规审查智能体\知识图谱\jsonbase\美妆\20260706_小红书【聚光】美妆&行业规范_规则拆解_v1.json
medium,RUID-3cb7962acf8d23b3,XHS-COSM-002,不得利用不满10周岁的未成年人作为广告代言人,未成年人保护,高,content,False,fallback,operator_direct,operator_direct,operator_direct,False,clear,low,none,medium,direct_fixable,provisional,高风险规则但运营直接处理,未发现明显字段冲突；可低优先级抽检。,D:\G-Vibe coding\广告合规审查智能体\知识图谱\jsonbase\美妆\20260706_小红书聚光帮助中心-文档_规则拆解_v1.json
medium,RUID-0a8f5ac2099e43dc,XHS-COSM-003,美妆产品广告不得使用夸张且无法证实的表述,虚假宣传,高,content,True,fallback,operator_direct,operator_direct,operator_direct,False,clear,low,none,medium,direct_fixable,provisional,高风险规则但运营直接处理,未发现明显字段冲突；可低优先级抽检。,D:\G-Vibe coding\广告合规审查智能体\知识图谱\jsonbase\美妆\20260706_小红书【聚光】美妆&行业规范_规则拆解_v1.json
medium,RUID-73a6e9de86bd2de0,XHS-COSM-004,广告中宣传成分/材质需提供证明材料,虚假宣传,高,content,True,fallback,operator_supply_docs,operator_supply_docs,operator_supply_docs,False,clear,low,heavy,medium,guided_fixable,provisional,content规则依赖重事实核验,未发现明显字段冲突；可低优先级抽检。,D:\G-Vibe coding\广告合规审查智能体\知识图谱\jsonbase\美妆\20260705_小红书聚光帮助中心-文档_规则拆解_v1.json
medium,RUID-3aa8caf195d59dcb,XHS-COSM-004,美妆产品广告不得宣称产品可食用或与食品概念混淆,虚假宣传,高,content,True,fallback,operator_direct,operator_direct,operator_direct,False,clear,low,none,medium,direct_fixable,provisional,高风险规则但运营直接处理,未发现明显字段冲突；可低优先级抽检。,D:\G-Vibe coding\广告合规审查智能体\知识图谱\jsonbase\美妆\20260706_小红书【聚光】美妆&行业规范_规则拆解_v1.json
medium,RUID-64686643fddfbeae,XHS-COSM-005,广告素材涉及医疗保健功效需完成行业认证,涉医疗宣传,高,content,True,fallback,operator_supply_docs,operator_supply_docs,operator_supply_docs,False,clear,low,heavy,high,not_self_fixable,provisional,content规则依赖重事实核验,未发现明显字段冲突；可低优先级抽检。,D:\G-Vibe coding\广告合规审查智能体\知识图谱\jsonbase\美妆\20260705_小红书聚光帮助中心-文档_规则拆解_v1.json
medium,RUID-b6b43547e816bef8,XHS-FACT-001,事实性描述需提供证明材料且描述与材料一致,虚假宣传,中,content,True,fallback,operator_supply_docs,operator_supply_docs,operator_supply_docs,False,contextual,medium,heavy,medium,guided_fixable,provisional,content规则依赖重事实核验,未发现明显字段冲突；可低优先级抽检。,D:\G-Vibe coding\广告合规审查智能体\知识图谱\jsonbase\保健食品\20260706_小红书聚光帮助中心-文档_规则拆解_v1.json
medium,RUID-fd7410c9d02fdc94,XHS-GAME-ADM-001,广告素材涉及第三方合作需提供合作证明/授权,广告代言不合规,中,content,True,fallback,operator_supply_docs,operator_supply_docs,operator_supply_docs,False,contextual,medium,heavy,medium,guided_fixable,provisional,content规则依赖重事实核验,未发现明显字段冲突；可低优先级抽检。,D:\G-Vibe coding\广告合规审查智能体\知识图谱\jsonbase\游戏\20260705_小红书聚光帮助中心-文档_规则拆解_v1.json
medium,RUID-d9fff6c6cc6d8670,XHS-GAME-ADM-005,不得利用不满10周岁的未成年人作为广告代言人,未成年人保护,高,content,True,fallback,operator_direct,operator_direct,operator_direct,False,clear,low,light,medium,direct_fixable,provisional,高风险规则但运营直接处理,未发现明显字段冲突；可低优先级抽检。,D:\G-Vibe coding\广告合规审查智能体\知识图谱\jsonbase\游戏\20260705_小红书聚光帮助中心-文档_规则拆解_v1.json
medium,RUID-37b74d27ad064021,XHS-GAME-COM-004,广告中成分/材质宣传需提供证明材料,虚假宣传,中,content,True,fallback,operator_supply_docs,operator_supply_docs,operator_supply_docs,False,contextual,low,heavy,medium,guided_fixable,provisional,content规则依赖重事实核验,未发现明显字段冲突；可低优先级抽检。,D:\G-Vibe coding\广告合规审查智能体\知识图谱\jsonbase\游戏\20260705_小红书聚光帮助中心-文档_规则拆解_v1.json
medium,RUID-a3d5eff5b886ac67,XHS-GAME-IND-006,广告涉及医疗保健功效需完成行业认证,平台准入/资质不符,高,content,True,fallback,legal_review_required,operator_supply_docs,legal_review_required,False,contextual,medium,heavy,high,not_self_fixable,provisional,legal_attention/routing不一致；content规则依赖重事实核验,legal_attention.default_route 与旧 routing.default_route 不一致。,D:\G-Vibe coding\广告合规审查智能体\知识图谱\jsonbase\游戏\20260705_小红书聚光帮助中心-文档_规则拆解_v1.json
medium,RUID-4c2420c3a7556715,XHS-HF-001,普通食品不得宣传具有具体功效,虚假宣传,高,content,True,fallback,operator_direct,operator_direct,operator_direct,False,clear,low,none,medium,direct_fixable,provisional,高风险规则但运营直接处理,未发现明显字段冲突；可低优先级抽检。,D:\G-Vibe coding\广告合规审查智能体\知识图谱\jsonbase\保健食品\20260705_小红书《食品行业投放规则》使用手册_规则拆解_v1.json
medium,RUID-cf05dfc8722bfbb0,XHS-HF-001,普通食品不得涉及夸大宣传,虚假宣传,高,content,True,fallback,operator_direct,operator_direct,operator_direct,False,clear,low,none,medium,direct_fixable,provisional,高风险规则但运营直接处理,未发现明显字段冲突；可低优先级抽检。,D:\G-Vibe coding\广告合规审查智能体\知识图谱\jsonbase\保健食品\20260706_小红书《食品行业投放规则》使用手册_规则拆解_v1.json
medium,RUID-990edd32dd76f1b5,XHS-HF-001,广告素材涉及第三方合作需提供合作证明/授权,广告代言不合规,高,content,True,fallback,operator_supply_docs,operator_supply_docs,operator_supply_docs,False,contextual,medium,heavy,medium,guided_fixable,provisional,content规则依赖重事实核验,未发现明显字段冲突；可低优先级抽检。,D:\G-Vibe coding\广告合规审查智能体\知识图谱\jsonbase\保健食品\20260706_小红书聚光帮助中心-文档_规则拆解_v1.json
medium,RUID-34c773e2027400f5,XHS-HF-001,珠宝玉石鉴定证书材质一致性规则,虚假宣传,中,content,True,fallback,operator_supply_docs,operator_direct,operator_supply_docs,False,clear,low,heavy,medium,guided_fixable,provisional,legal_attention/routing不一致；content规则依赖重事实核验,legal_attention.default_route 与旧 routing.default_route 不一致。,D:\G-Vibe coding\广告合规审查智能体\知识图谱\jsonbase\保健食品\20260706_小红书聚光帮助中心-文档_规则拆解_v1.json
medium,RUID-68fa498812603ee9,XHS-HF-001,广告中宣称教师/导师/员工/创始人/设计师等具有院校背景需提供证明材料及任职证明,广告代言不合规,中,content,True,fallback,operator_supply_docs,operator_supply_docs,operator_supply_docs,False,contextual,low,heavy,medium,guided_fixable,provisional,content规则依赖重事实核验,未发现明显字段冲突；可低优先级抽检。,D:\G-Vibe coding\广告合规审查智能体\知识图谱\jsonbase\保健食品\20260706_小红书聚光帮助中心-文档_规则拆解_v1.json
medium,RUID-4c447d664b36acca,XHS-HF-001,涉及医疗保健功效需完成行业认证,平台准入/资质不符,高,content,True,fallback,operator_supply_docs,operator_direct,operator_supply_docs,False,clear,low,light,medium,guided_fixable,provisional,legal_attention/routing不一致,legal_attention.default_route 与旧 routing.default_route 不一致。,D:\G-Vibe coding\广告合规审查智能体\知识图谱\jsonbase\保健食品\20260706_小红书聚光帮助中心-文档_规则拆解_v1.json
medium,RUID-6a1ae8f36a438260,XHS-HF-002,普通食品不得涉及夸大宣传（医疗、保健、化妆品功效）,虚假宣传,高,content,True,fallback,operator_direct,operator_direct,operator_direct,False,clear,low,none,medium,direct_fixable,provisional,高风险规则但运营直接处理,未发现明显字段冲突；可低优先级抽检。,D:\G-Vibe coding\广告合规审查智能体\知识图谱\jsonbase\保健食品\20260705_小红书《食品行业投放规则》使用手册_规则拆解_v1.json
medium,RUID-545f9ad8dd6797c1,XHS-HF-002,保健食品广告不得利用广告代言人作推荐、证明,广告代言不合规,高,content,True,fallback,operator_direct,operator_direct,operator_direct,False,clear,low,light,medium,direct_fixable,provisional,高风险规则但运营直接处理,未发现明显字段冲突；可低优先级抽检。,D:\G-Vibe coding\广告合规审查智能体\知识图谱\jsonbase\保健食品\20260706_小红书聚光帮助中心-文档_规则拆解_v1.json
medium,RUID-8f08bec265411010,XHS-HF-003,不得利用不满10周岁的未成年人作为广告代言人,未成年人保护,高,content,True,fallback,operator_direct,operator_direct,operator_direct,False,clear,low,light,medium,direct_fixable,provisional,高风险规则但运营直接处理,未发现明显字段冲突；可低优先级抽检。,D:\G-Vibe coding\广告合规审查智能体\知识图谱\jsonbase\保健食品\20260706_小红书聚光帮助中心-文档_规则拆解_v1.json
medium,RUID-1b86290f71189ff6,XHS-HF-004,不得利用食品检测机构为食品安全做保证承诺,虚假宣传,高,content,True,fallback,operator_supply_docs,operator_direct,operator_supply_docs,False,contextual,medium,light,medium,guided_fixable,provisional,legal_attention/routing不一致,legal_attention.default_route 与旧 routing.default_route 不一致。,D:\G-Vibe coding\广告合规审查智能体\知识图谱\jsonbase\保健食品\20260705_小红书《食品行业投放规则》使用手册_规则拆解_v1.json
medium,RUID-773c55f8245d2fcf,XHS-HF-004,不得利用美国FDA机构宣传产品安全性,虚假宣传,高,content,False,fallback,operator_direct,operator_direct,operator_direct,False,clear,low,none,medium,direct_fixable,provisional,高风险规则但运营直接处理,未发现明显字段冲突；可低优先级抽检。,D:\G-Vibe coding\广告合规审查智能体\知识图谱\jsonbase\保健食品\20260706_小红书《食品行业投放规则》使用手册_规则拆解_v1.json
medium,RUID-b6a337ad305653b6,XHS-MED-001,防脱产品及普通化妆品不得宣传育发功效,虚假宣传,高,content,False,fallback,operator_direct,operator_direct,operator_direct,False,clear,low,none,high,direct_fixable,provisional,高风险规则但运营直接处理,未发现明显字段冲突；可低优先级抽检。,D:\G-Vibe coding\广告合规审查智能体\知识图谱\jsonbase\美妆\20260706_小红书【广告内容规范提醒】——美妆育发产品_规则拆解_v1.json
medium,RUID-90164adf3d87b6a7,XHS-功效超备案-002,普通化妆品不得宣传特殊化妆品功效,功效超备案,高,content,True,fallback,legal_review_required,operator_direct,legal_review_required,False,contextual,medium,heavy,high,not_self_fixable,provisional,legal_attention/routing不一致；content规则依赖重事实核验,legal_attention.default_route 与旧 routing.default_route 不一致。,D:\G-Vibe coding\广告合规审查智能体\知识图谱\jsonbase\美妆\20260706_小红书【美妆个护行业投放规则】使用手册_规则拆解_v1.json
medium,RUID-a425fb58821e3c30,XHS-涉医疗宣传-003,普通化妆品不得宣传消炎等医疗作用,涉医疗宣传,高,content,False,fallback,operator_direct,operator_direct,operator_direct,False,clear,low,none,medium,direct_fixable,provisional,高风险规则但运营直接处理,未发现明显字段冲突；可低优先级抽检。,D:\G-Vibe coding\广告合规审查智能体\知识图谱\jsonbase\美妆\20260706_小红书【聚光】美妆&行业规范_规则拆解_v1.json
medium,RUID-3eb723592f3fc6b6,XHS-涉医疗宣传-004,普通化妆品不得宣传医美面膜等医疗类产品,涉医疗宣传,高,content,False,fallback,operator_direct,operator_direct,operator_direct,False,clear,low,none,medium,direct_fixable,provisional,高风险规则但运营直接处理,未发现明显字段冲突；可低优先级抽检。,D:\G-Vibe coding\广告合规审查智能体\知识图谱\jsonbase\美妆\20260706_小红书【聚光】美妆&行业规范_规则拆解_v1.json
medium,RUID-6a3162c914680a7b,XHS-虚假宣传-001,普通化妆品不得宣传舒痱止痱等医疗功效,虚假宣传,高,content,False,fallback,operator_direct,operator_direct,operator_direct,False,clear,low,none,medium,direct_fixable,provisional,高风险规则但运营直接处理,未发现明显字段冲突；可低优先级抽检。,D:\G-Vibe coding\广告合规审查智能体\知识图谱\jsonbase\美妆\20260706_小红书【聚光】美妆&行业规范_规则拆解_v1.json
medium,RUID-74aa8a94c207e4ac,XHS-虚假宣传-002,普通化妆品不得宣传鸡皮救星等夸大功效,虚假宣传,高,content,False,fallback,operator_direct,operator_direct,operator_direct,False,clear,low,none,medium,direct_fixable,provisional,高风险规则但运营直接处理,未发现明显字段冲突；可低优先级抽检。,D:\G-Vibe coding\广告合规审查智能体\知识图谱\jsonbase\美妆\20260706_小红书【聚光】美妆&行业规范_规则拆解_v1.json
medium,RUID-64a737d1d3eaef1b,XHS-虚假宣传-003,涉及具体时间+功效描述需标明效果因人而异并上传证明材料,虚假宣传,中,content,True,fallback,operator_supply_docs,operator_supply_docs,operator_supply_docs,False,contextual,medium,heavy,medium,guided_fixable,provisional,content规则依赖重事实核验,未发现明显字段冲突；可低优先级抽检。,D:\G-Vibe coding\广告合规审查智能体\知识图谱\jsonbase\美妆\20260706_小红书【美妆个护行业投放规则】使用手册_规则拆解_v1.json
medium,RUID-373cc2db7e1c8744,XHS-虚假宣传-004,美容仪器不得与医美功效挂钩,虚假宣传,高,content,True,fallback,operator_direct,operator_direct,operator_direct,False,contextual,medium,none,medium,guided_fixable,provisional,高风险规则但运营直接处理,未发现明显字段冲突；可低优先级抽检。,D:\G-Vibe coding\广告合规审查智能体\知识图谱\jsonbase\美妆\20260706_小红书【美妆个护行业投放规则】使用手册_规则拆解_v1.json
medium,RUID-a16bdd4b57d14ddc,GAME-BILI-002,热门话题准入规则-外部客户-风险行业客户不可投放,平台准入/资质不符,高,fact,False,fallback,operator_direct,operator_direct,operator_direct,False,clear,low,light,medium,direct_fixable,provisional,高风险规则但运营直接处理,未发现明显字段冲突；可低优先级抽检。,D:\G-Vibe coding\广告合规审查智能体\知识图谱\jsonbase\游戏\20260706_B站广告推广平台审核规范（二）_规则拆解_v1.json
medium,RUID-8b2cf328ec589ac3,GAME-PLAT-001,游戏行业广告需完成行业认证方可提交审核,平台准入/资质不符,高,fact,False,fallback,operator_direct,operator_direct,operator_direct,False,clear,low,none,medium,direct_fixable,provisional,高风险规则但运营直接处理,未发现明显字段冲突；可低优先级抽检。,D:\G-Vibe coding\广告合规审查智能体\知识图谱\jsonbase\游戏\20260706_小红书聚光帮助中心-文档_规则拆解_v1.json
medium,RUID-84166ade0e7accf3,GAME-PLATFORM-001,手游广告落地页iOS需链接至App Store，安卓需链接至B站游戏开放平台内链,平台准入/资质不符,中,fact,False,fallback,operator_supply_docs,operator_direct,operator_supply_docs,False,clear,low,light,medium,guided_fixable,provisional,legal_attention/routing不一致,legal_attention.default_route 与旧 routing.default_route 不一致。,D:\G-Vibe coding\广告合规审查智能体\知识图谱\jsonbase\游戏\20260706_B站广告推广平台审核规范_规则拆解_v1.json
medium,RUID-d758912a111a7073,GAME-PLATFORM-001,游戏广告需完成行业认证（品牌账号）,平台准入/资质不符,高,fact,False,fallback,operator_supply_docs,operator_direct,operator_supply_docs,False,clear,low,light,medium,guided_fixable,provisional,legal_attention/routing不一致,legal_attention.default_route 与旧 routing.default_route 不一致。,D:\G-Vibe coding\广告合规审查智能体\知识图谱\jsonbase\游戏\20260706_小红书聚光帮助中心-文档_规则拆解_v1.json
medium,RUID-b740c4b5455a4688,GAME-PLATFORM-002,游戏广告需完成行业认证（代理商虚拟子账号）,平台准入/资质不符,高,fact,False,fallback,operator_supply_docs,operator_direct,operator_supply_docs,False,clear,low,light,medium,guided_fixable,provisional,legal_attention/routing不一致,legal_attention.default_route 与旧 routing.default_route 不一致。,D:\G-Vibe coding\广告合规审查智能体\知识图谱\jsonbase\游戏\20260706_小红书聚光帮助中心-文档_规则拆解_v1.json
medium,RUID-2b43bb63b372daa9,LMM-2021-007-002,直播营销平台应与相关方签订协议并履行审核义务,平台准入/资质不符,中,fact,False,fallback,legal_review_required,operator_direct,legal_review_required,False,contextual,medium,heavy,medium,not_self_fixable,provisional,legal_attention/routing不一致,legal_attention.default_route 与旧 routing.default_route 不一致。,D:\G-Vibe coding\广告合规审查智能体\知识图谱\jsonbase\美妆\20260705_网络直播营销管理办法（试行）_2021.05.25生效_20260615下载_规则拆解_v1.json
medium,RUID-701f0d5d96fb0a30,TB-COSM-001,特殊用途化妆品须取得批准文号,平台准入/资质不符,高,fact,False,fallback,operator_supply_docs,operator_direct,operator_supply_docs,False,clear,low,light,high,guided_fixable,provisional,legal_attention/routing不一致,legal_attention.default_route 与旧 routing.default_route 不一致。,D:\G-Vibe coding\广告合规审查智能体\知识图谱\jsonbase\美妆\20260705_淘宝网化妆品行业管理规范_规则拆解_v1.json
medium,RUID-68862f7e3afd4c37,TB-COSM-001,特殊用途化妆品须取得批准文号,平台准入/资质不符,高,fact,False,fallback,operator_supply_docs,operator_direct,operator_supply_docs,False,clear,low,light,high,guided_fixable,provisional,legal_attention/routing不一致,legal_attention.default_route 与旧 routing.default_route 不一致。,D:\G-Vibe coding\广告合规审查智能体\知识图谱\jsonbase\美妆\20260706_淘宝网化妆品行业管理规范_规则拆解_v1.json
medium,RUID-aa4486f3d27d63cb,TB-COSM-002,非特殊用途化妆品须完成备案,平台准入/资质不符,高,fact,False,fallback,operator_supply_docs,operator_direct,operator_supply_docs,False,clear,low,light,high,guided_fixable,provisional,legal_attention/routing不一致,legal_attention.default_route 与旧 routing.default_route 不一致。,D:\G-Vibe coding\广告合规审查智能体\知识图谱\jsonbase\美妆\20260705_淘宝网化妆品行业管理规范_规则拆解_v1.json
medium,RUID-c8bcc3488c1057cd,TB-COSM-002,非特殊用途化妆品须完成备案,平台准入/资质不符,高,fact,False,fallback,operator_supply_docs,operator_direct,operator_supply_docs,False,clear,low,light,high,guided_fixable,provisional,legal_attention/routing不一致,legal_attention.default_route 与旧 routing.default_route 不一致。,D:\G-Vibe coding\广告合规审查智能体\知识图谱\jsonbase\美妆\20260706_淘宝网化妆品行业管理规范_规则拆解_v1.json
medium,RUID-f89790bc52b5abab,TB-COSM-003,不得发布无生产资质来源的自行配制或分装化妆品,平台准入/资质不符,高,fact,False,fallback,operator_direct,operator_direct,operator_direct,False,clear,low,none,high,direct_fixable,provisional,高风险规则但运营直接处理,未发现明显字段冲突；可低优先级抽检。,D:\G-Vibe coding\广告合规审查智能体\知识图谱\jsonbase\美妆\20260705_淘宝网化妆品行业管理规范_规则拆解_v1.json
medium,RUID-4873cb73cc35db20,XHS-COSM-001,个体工商户主体不可推广部分时尚、美妆类品牌,平台准入/资质不符,高,fact,False,fallback,operator_direct,operator_direct,operator_direct,False,clear,low,light,medium,direct_fixable,provisional,高风险规则但运营直接处理,未发现明显字段冲突；可低优先级抽检。,D:\G-Vibe coding\广告合规审查智能体\知识图谱\jsonbase\美妆\20260706_小红书【时尚及美妆类产品】广告内容规范调整_规则拆解_v1.json
medium,RUID-691e72d969b379cb,XHS-COSM-001,一般贸易进口美容仪器可暂以报关单替代3C证明,平台准入/资质不符,低,fact,False,fallback,operator_supply_docs,operator_direct,operator_supply_docs,False,clear,low,light,low,guided_fixable,provisional,legal_attention/routing不一致,legal_attention.default_route 与旧 routing.default_route 不一致。,D:\G-Vibe coding\广告合规审查智能体\知识图谱\jsonbase\美妆\20260706_小红书【美妆个护行业投放规则】使用手册_规则拆解_v1.json
medium,RUID-7ca31fd391ea189b,XHS-COSM-001,美妆广告投放需完成行业认证,平台准入/资质不符,高,fact,False,fallback,operator_supply_docs,operator_direct,operator_supply_docs,False,clear,low,light,medium,guided_fixable,provisional,legal_attention/routing不一致,legal_attention.default_route 与旧 routing.default_route 不一致。,D:\G-Vibe coding\广告合规审查智能体\知识图谱\jsonbase\美妆\20260706_小红书聚光帮助中心-文档_规则拆解_v1.json
medium,RUID-7e33cafafe107eaa,XHS-COSM-002,个体工商户营业执照主体不可推广部分时尚、美妆类品牌,平台准入/资质不符,高,fact,False,fallback,operator_direct,operator_direct,operator_direct,False,clear,low,light,medium,direct_fixable,provisional,高风险规则但运营直接处理,未发现明显字段冲突；可低优先级抽检。,D:\G-Vibe coding\广告合规审查智能体\知识图谱\jsonbase\美妆\20260705_小红书【时尚及美妆类产品】广告内容规范调整_规则拆解_v1.json
medium,RUID-6d97ee1c357d720c,XHS-HF-001,保健食品广告需提供国产保健食品备案凭证,平台准入/资质不符,高,fact,False,fallback,operator_supply_docs,operator_direct,operator_supply_docs,False,clear,low,heavy,high,not_self_fixable,provisional,legal_attention/routing不一致,legal_attention.default_route 与旧 routing.default_route 不一致。,D:\G-Vibe coding\广告合规审查智能体\知识图谱\jsonbase\保健食品\20260706_小红书聚光帮助中心-文档_规则拆解_v1.json
medium,RUID-1307645a561f84b6,XHS-平台准入-001,保健食品广告投放需完成行业认证,平台准入/资质不符,高,fact,False,fallback,operator_supply_docs,operator_direct,operator_supply_docs,False,clear,low,light,medium,guided_fixable,provisional,legal_attention/routing不一致,legal_attention.default_route 与旧 routing.default_route 不一致。,D:\G-Vibe coding\广告合规审查智能体\知识图谱\jsonbase\保健食品\20260706_小红书聚光帮助中心-文档_规则拆解_v1.json
medium,RUID-fd188fd4651170af,XHS-平台准入/资质不符-001,保健食品行业未认证或行业不符禁止投放广告,平台准入/资质不符,高,fact,False,fallback,operator_supply_docs,operator_direct,operator_supply_docs,False,clear,low,light,medium,guided_fixable,provisional,legal_attention/routing不一致,legal_attention.default_route 与旧 routing.default_route 不一致。,D:\G-Vibe coding\广告合规审查智能体\知识图谱\jsonbase\保健食品\20260706_小红书聚光帮助中心-文档_规则拆解_v1.json
medium,RUID-8ebbf6afe08670d5,GAME-AD-001,直播营销中广告主、广告经营者、广告发布者、广告代言人责任认定规则,其他,中,workflow,False,disabled,legal_review_required,legal_review_required,legal_review_required,False,open,high,heavy,medium,not_self_fixable,human_confirmed,,workflow 规则当前不进入普通文案审核，建议作为专项链路单独校准。,D:\G-Vibe coding\广告合规审查智能体\知识图谱\jsonbase\游戏\20260705_互联网广告管理办法_2023.05.01生效_20260615下载_规则拆解_v1.json
